{
  "_documentation": "https://github.com/Luke100000/SelectiveBounds/blob/1.20.1/common/src/main/java/net/conczin/selectivebounds/config/Config.java",
  "showOnSneak": true,
  "showOnAction": true,
  "showOnActionTime": 4.0,
  "considerCanAttackBlock": true,
  "considerIsCorrectToolForDrops": true,
  "considerCanBePlaced": false,
  "overrides": [
    {
      "item": "minecraft:stick",
      "block": "#minecraft:candles",
      "show": true
    },
    {
      "item": "all",
      "block": "minecraft:nether_portal",
      "show": false
    }
  ],
  "version": 0,
  "name": "selectivebounds"
}