{
  "config_version": "1.0.17",
  "config_datetime": "2025-07-07_23-50-01",
  "general": {
    "min_structure_distance_from_world_center": 0,
    "disable_all_structures": false,
    "enable_global_spacing_and_separation_modifier": false,
    "global_spacing_and_separation_modifier": 1.0
  },
  "structures": [
    {
      "name": "minecraft:stronghold",
      "is_disabled": true,
      "enable_flatness_check": false,
      "flatness_check_distance": 0,
      "flatness_check_threshold": 10,
      "enable_biome_check": false,
      "biome_check_distance": 0,
      "biome_check_mode": "BLACKLIST",
      "biome_check_blacklisted_biomes": [
        "#is_river"
      ],
      "whitelisted_biomes": [],
      "blacklisted_biomes": []
    },
    {
      "name": "beautify:botanist_house_desert",
      "is_disabled": true,
      "enable_flatness_check": false,
      "flatness_check_distance": 80,
      "flatness_check_threshold": 10,
      "enable_biome_check": false,
      "biome_check_distance": 80,
      "biome_check_mode": "BLACKLIST",
      "biome_check_blacklisted_biomes": [
        "#is_river"
      ],
      "whitelisted_biomes": [],
      "blacklisted_biomes": []
    },
    {
      "name": "beautify:botanist_house_plains",
      "is_disabled": true,
      "enable_flatness_check": false,
      "flatness_check_distance": 80,
      "flatness_check_threshold": 10,
      "enable_biome_check": false,
      "biome_check_distance": 80,
      "biome_check_mode": "BLACKLIST",
      "biome_check_blacklisted_biomes": [
        "#is_river"
      ],
      "whitelisted_biomes": [],
      "blacklisted_biomes": []
    },
    {
      "name": "beautify:botanist_house_savanna",
      "is_disabled": true,
      "enable_flatness_check": false,
      "flatness_check_distance": 80,
      "flatness_check_threshold": 10,
      "enable_biome_check": false,
      "biome_check_distance": 80,
      "biome_check_mode": "BLACKLIST",
      "biome_check_blacklisted_biomes": [
        "#is_river"
      ],
      "whitelisted_biomes": [],
      "blacklisted_biomes": []
    },
    {
      "name": "beautify:botanist_house_snowy",
      "is_disabled": true,
      "enable_flatness_check": false,
      "flatness_check_distance": 80,
      "flatness_check_threshold": 10,
      "enable_biome_check": false,
      "biome_check_distance": 80,
      "biome_check_mode": "BLACKLIST",
      "biome_check_blacklisted_biomes": [
        "#is_river"
      ],
      "whitelisted_biomes": [],
      "blacklisted_biomes": []
    },
    {
      "name": "beautify:botanist_house_taiga",
      "is_disabled": true,
      "enable_flatness_check": false,
      "flatness_check_distance": 80,
      "flatness_check_threshold": 10,
      "enable_biome_check": false,
      "biome_check_distance": 80,
      "biome_check_mode": "BLACKLIST",
      "biome_check_blacklisted_biomes": [
        "#is_river"
      ],
      "whitelisted_biomes": [],
      "blacklisted_biomes": []
    },
    {
      "name": "betterarcheology:archeologist_camp_grassy",
      "is_disabled": true,
      "enable_flatness_check": false,
      "flatness_check_distance": 80,
      "flatness_check_threshold": 10,
      "enable_biome_check": false,
      "biome_check_distance": 80,
      "biome_check_mode": "BLACKLIST",
      "biome_check_blacklisted_biomes": [
        "#is_river"
      ],
      "whitelisted_biomes": [],
      "blacklisted_biomes": []
    },
    {
      "name": "betterarcheology:archeologist_camp_redsand",
      "is_disabled": true,
      "enable_flatness_check": false,
      "flatness_check_distance": 80,
      "flatness_check_threshold": 10,
      "enable_biome_check": false,
      "biome_check_distance": 80,
      "biome_check_mode": "BLACKLIST",
      "biome_check_blacklisted_biomes": [
        "#is_river"
      ],
      "whitelisted_biomes": [],
      "blacklisted_biomes": []
    },
    {
      "name": "betterarcheology:archeologist_camp_sand",
      "is_disabled": true,
      "enable_flatness_check": false,
      "flatness_check_distance": 80,
      "flatness_check_threshold": 10,
      "enable_biome_check": false,
      "biome_check_distance": 80,
      "biome_check_mode": "BLACKLIST",
      "biome_check_blacklisted_biomes": [
        "#is_river"
      ],
      "whitelisted_biomes": [],
      "blacklisted_biomes": []
    },
    {
      "name": "farmlife:greenhouse",
      "is_disabled": true,
      "enable_flatness_check": false,
      "flatness_check_distance": 1,
      "flatness_check_threshold": 10,
      "enable_biome_check": false,
      "biome_check_distance": 1,
      "biome_check_mode": "BLACKLIST",
      "biome_check_blacklisted_biomes": [
        "#is_river"
      ],
      "whitelisted_biomes": [],
      "blacklisted_biomes": []
    },
    {
      "name": "farmlife:tribull_ranch",
      "is_disabled": true,
      "enable_flatness_check": false,
      "flatness_check_distance": 1,
      "flatness_check_threshold": 10,
      "enable_biome_check": false,
      "biome_check_distance": 1,
      "biome_check_mode": "BLACKLIST",
      "biome_check_blacklisted_biomes": [
        "#is_river"
      ],
      "whitelisted_biomes": [],
      "blacklisted_biomes": []
    },
    {
      "name": "species:spectralibur_chamber",
      "is_disabled": true,
      "enable_flatness_check": false,
      "flatness_check_distance": 0,
      "flatness_check_threshold": 10,
      "enable_biome_check": false,
      "biome_check_distance": 0,
      "biome_check_mode": "BLACKLIST",
      "biome_check_blacklisted_biomes": [
        "#is_river"
      ],
      "whitelisted_biomes": [],
      "blacklisted_biomes": []
    },
    {
      "name": "verdantvibes:oak_overgrown_hut",
      "is_disabled": true,
      "enable_flatness_check": false,
      "flatness_check_distance": 80,
      "flatness_check_threshold": 10,
      "enable_biome_check": false,
      "biome_check_distance": 80,
      "biome_check_mode": "BLACKLIST",
      "biome_check_blacklisted_biomes": [
        "#is_river"
      ],
      "whitelisted_biomes": [],
      "blacklisted_biomes": []
    },
    {
      "name": "verdantvibes:spruce_overgrown_hut",
      "is_disabled": true,
      "enable_flatness_check": false,
      "flatness_check_distance": 80,
      "flatness_check_threshold": 10,
      "enable_biome_check": false,
      "biome_check_distance": 80,
      "biome_check_mode": "BLACKLIST",
      "biome_check_blacklisted_biomes": [
        "#is_river"
      ],
      "whitelisted_biomes": [],
      "blacklisted_biomes": []
    }
  ],
  "structure_sets": [
    {
      "name": "beautify:botanist_house_snowy",
      "salt": 1994267089,
      "frequency": 0.13,
      "override_global_spacing_and_separation_modifier": false,
      "spacing": 20,
      "separation": 6
    },
    {
      "name": "minecraft:buried_treasures",
      "salt": 1,
      "frequency": 0.01,
      "override_global_spacing_and_separation_modifier": false,
      "spacing": 1,
      "separation": 0
    },
    {
      "name": "minecraft:mineshafts",
      "salt": 1,
      "frequency": 0.004,
      "override_global_spacing_and_separation_modifier": false,
      "spacing": 1,
      "separation": 0
    },
    {
      "name": "minecraft:ruined_portals",
      "salt": 1,
      "frequency": 1.0,
      "override_global_spacing_and_separation_modifier": false,
      "spacing": 40,
      "separation": 10
    },
    {
      "name": "minecraft:strongholds",
      "salt": 1,
      "frequency": 1.0,
      "override_global_spacing_and_separation_modifier": false,
      "spacing": 0,
      "separation": 0
    }
  ]
}