{
  "fmlloader-1.20.1-47.4.0.jar (modloader)": {
    "jarName": "fmlloader-1.20.1-47.4.0.jar (modloader)",
    "modId": "forge",
    "version": "fmlloader-1.20.1-47.4.0.jar"
  },
  "additional_attributes-1.20.1-1.3.6-all.jar": {
    "jarName": "additional_attributes-1.20.1-1.3.6-all.jar",
    "modId": "additional_attributes",
    "version": "1.3.6"
  },
  "AdvancedLootInfo-forge-1.20.1-1.3.8.jar": {
    "jarName": "AdvancedLootInfo-forge-1.20.1-1.3.8.jar",
    "modId": "ali",
    "version": "1.20.1-1.3.8"
  },
  "AdvancementPlaques-1.20.1-forge-1.6.7.jar": {
    "jarName": "AdvancementPlaques-1.20.1-forge-1.6.7.jar",
    "modId": "advancementplaques",
    "version": "1.6.7"
  },
  "alltheleaks-1.0.6+1.20.1-forge.jar": {
    "jarName": "alltheleaks-1.0.6+1.20.1-forge.jar",
    "modId": "alltheleaks",
    "version": "1.0.6+1.20.1-forge"
  },
  "alternate_current-mc1.20-1.7.0.jar": {
    "jarName": "alternate_current-mc1.20-1.7.0.jar",
    "modId": "alternate_current",
    "version": "1.7.0"
  },
  "AmbientSounds_FORGE_v6.1.11_mc1.20.1.jar": {
    "jarName": "AmbientSounds_FORGE_v6.1.11_mc1.20.1.jar",
    "modId": "ambientsounds",
    "version": "6.1.11"
  },
  "amendments-1.20-2.2.1.jar": {
    "jarName": "amendments-1.20-2.2.1.jar",
    "modId": "amendments",
    "version": "1.20-2.2.1"
  },
  "appleskin-forge-mc1.20.1-2.5.1.jar": {
    "jarName": "appleskin-forge-mc1.20.1-2.5.1.jar",
    "modId": "appleskin",
    "version": "2.5.1+mc1.20.1"
  },
  "Aquaculture-1.20.1-2.5.5.jar": {
    "jarName": "Aquaculture-1.20.1-2.5.5.jar",
    "modId": "aquaculture",
    "version": "2.5.5"
  },
  "architectury-9.2.14-forge.jar": {
    "jarName": "architectury-9.2.14-forge.jar",
    "modId": "architectury",
    "version": "9.2.14"
  },
  "ArmorStatues-v8.0.6-1.20.1-Forge.jar": {
    "jarName": "ArmorStatues-v8.0.6-1.20.1-Forge.jar",
    "modId": "armorstatues",
    "version": "8.0.6"
  },
  "atmospheric-1.20.1-6.1.1.jar": {
    "jarName": "atmospheric-1.20.1-6.1.1.jar",
    "modId": "atmospheric",
    "version": "6.1.1"
  },
  "AttributeFix-Forge-1.20.1-21.0.4.jar": {
    "jarName": "AttributeFix-Forge-1.20.1-21.0.4.jar",
    "modId": "attributefix",
    "version": "21.0.4"
  },
  "automobility-0.4.2+1.20.1-forge.jar": {
    "jarName": "automobility-0.4.2+1.20.1-forge.jar",
    "modId": "automobility",
    "version": "0.4.2+1.20.1-forge"
  },
  "autumnity-1.20.1-5.0.2.jar": {
    "jarName": "autumnity-1.20.1-5.0.2.jar",
    "modId": "autumnity",
    "version": "5.0.2"
  },
  "badpackets-forge-0.4.3.jar": {
    "jarName": "badpackets-forge-0.4.3.jar",
    "modId": "badpackets",
    "version": "0.4.3"
  },
  "BalloonBox1.20.1(Forge)vs.1.0.3.jar": {
    "jarName": "BalloonBox1.20.1(Forge)vs.1.0.3.jar",
    "modId": "balloonbox",
    "version": "1.20.1-1.0.3"
  },
  "balm-forge-1.20.1-7.3.34-all.jar": {
    "jarName": "balm-forge-1.20.1-7.3.34-all.jar",
    "modId": "balm",
    "version": "7.3.34"
  },
  "beautify-2.0.2.jar": {
    "jarName": "beautify-2.0.2.jar",
    "modId": "beautify",
    "version": "2.0.2"
  },
  "BetterAdvancements-Forge-1.20.1-0.4.2.10.jar": {
    "jarName": "BetterAdvancements-Forge-1.20.1-0.4.2.10.jar",
    "modId": "betteradvancements",
    "version": "0.4.2.10"
  },
  "betterarcheology-1.2.1-1.20.1.jar": {
    "jarName": "betterarcheology-1.2.1-1.20.1.jar",
    "modId": "betterarcheology",
    "version": "1.2.1-1.20.1"
  },
  "BetterCompatibilityChecker-forge-4.0.8+mc1.20.1.jar": {
    "jarName": "BetterCompatibilityChecker-forge-4.0.8+mc1.20.1.jar",
    "modId": "bcc",
    "version": "4.0.8"
  },
  "biomespawnpoint-1.20.1-2.3.jar": {
    "jarName": "biomespawnpoint-1.20.1-2.3.jar",
    "modId": "biomespawnpoint",
    "version": "2.3"
  },
  "blueprint-1.20.1-7.1.3.jar": {
    "jarName": "blueprint-1.20.1-7.1.3.jar",
    "modId": "blueprint",
    "version": "7.1.3"
  },
  "Bookshelf-Forge-1.20.1-20.2.13.jar": {
    "jarName": "Bookshelf-Forge-1.20.1-20.2.13.jar",
    "modId": "bookshelf",
    "version": "20.2.13"
  },
  "Botania-1.20.1-450-FORGE.jar": {
    "jarName": "Botania-1.20.1-450-FORGE.jar",
    "modId": "botania",
    "version": "1.20.1-450-FORGE"
  },
  "botania_seeds-1.1.1.jar": {
    "jarName": "botania_seeds-1.1.1.jar",
    "modId": "botania_seeds",
    "version": "1.1.1"
  },
  "bots_lib-4.1.jar": {
    "jarName": "bots_lib-4.1.jar",
    "modId": "bots_lib",
    "version": "4.1"
  },
  "Bountiful-6.0.4+1.20.1-forge.jar": {
    "jarName": "Bountiful-6.0.4+1.20.1-forge.jar",
    "modId": "bountiful",
    "version": "6.0.4+1.20.1"
  },
  "buildinggadgets2-1.0.7.jar": {
    "jarName": "buildinggadgets2-1.0.7.jar",
    "modId": "buildinggadgets2",
    "version": "1.0.7"
  },
  "buzzier_bees-1.20.1-6.0.1.jar": {
    "jarName": "buzzier_bees-1.20.1-6.0.1.jar",
    "modId": "buzzier_bees",
    "version": "6.0.1"
  },
  "bwncr-forge-1.20.1-3.17.2.jar": {
    "jarName": "bwncr-forge-1.20.1-3.17.2.jar",
    "modId": "bwncr",
    "version": "3.17.2"
  },
  "caelus-forge-3.2.0+1.20.1.jar": {
    "jarName": "caelus-forge-3.2.0+1.20.1.jar",
    "modId": "caelus",
    "version": "3.2.0+1.20.1"
  },
  "carryon-forge-1.20.1-2.1.2.7.jar": {
    "jarName": "carryon-forge-1.20.1-2.1.2.7.jar",
    "modId": "carryon",
    "version": "2.1.2.7"
  },
  "CBMultipart-1.20.1-3.3.0.146-universal.jar": {
    "jarName": "CBMultipart-1.20.1-3.3.0.146-universal.jar",
    "modId": "cb_multipart",
    "version": "3.3.0.146"
  },
  "CerbonsApi-Forge-1.20.1-1.0.0.jar": {
    "jarName": "CerbonsApi-Forge-1.20.1-1.0.0.jar",
    "modId": "cerbons_api",
    "version": "1.0.0"
  },
  "champions-forge-1.20.1-2.1.12.6.jar": {
    "jarName": "champions-forge-1.20.1-2.1.12.6.jar",
    "modId": "champions",
    "version": "1.20.1-2.1.12.6"
  },
  "chat_heads-0.13.7-forge-1.20.jar": {
    "jarName": "chat_heads-0.13.7-forge-1.20.jar",
    "modId": "chat_heads",
    "version": "0.13.7"
  },
  "cherishedworlds-forge-6.1.7+1.20.1.jar": {
    "jarName": "cherishedworlds-forge-6.1.7+1.20.1.jar",
    "modId": "cherishedworlds",
    "version": "6.1.7+1.20.1"
  },
  "Chimes-v2.0.1-1.20.1.jar": {
    "jarName": "Chimes-v2.0.1-1.20.1.jar",
    "modId": "chimes",
    "version": "2.0.1"
  },
  "Chunky-1.3.146.jar": {
    "jarName": "Chunky-1.3.146.jar",
    "modId": "chunky",
    "version": "1.3.146"
  },
  "clayworks-1.20.1-3.0.4.jar": {
    "jarName": "clayworks-1.20.1-3.0.4.jar",
    "modId": "clayworks",
    "version": "3.0.4"
  },
  "cleanview-1.20.1-v1.jar": {
    "jarName": "cleanview-1.20.1-v1.jar",
    "modId": "cleanview",
    "version": "1.20.1-v1"
  },
  "cloth-config-11.1.136-forge.jar": {
    "jarName": "cloth-config-11.1.136-forge.jar",
    "modId": "cloth_config",
    "version": "11.1.136"
  },
  "Clumps-forge-1.20.1-12.0.0.4.jar": {
    "jarName": "Clumps-forge-1.20.1-12.0.0.4.jar",
    "modId": "clumps",
    "version": "12.0.0.4"
  },
  "CodeChickenLib-1.20.1-4.4.0.516-universal.jar": {
    "jarName": "CodeChickenLib-1.20.1-4.4.0.516-universal.jar",
    "modId": "codechickenlib",
    "version": "4.4.0.516"
  },
  "collective-1.20.1-7.87.jar": {
    "jarName": "collective-1.20.1-7.87.jar",
    "modId": "collective",
    "version": "7.87"
  },
  "colorfulhearts-forge-1.20.1-4.3.16.jar": {
    "jarName": "colorfulhearts-forge-1.20.1-4.3.16.jar",
    "modId": "colorfulhearts",
    "version": "4.3.16"
  },
  "colorwheel-forge-1.0.0+mc1.20.1.jar": {
    "jarName": "colorwheel-forge-1.0.0+mc1.20.1.jar",
    "modId": "colorwheel",
    "version": "1.0.0+mc1.20.1"
  },
  "colorwheel_patcher-forge-1.0.0+mc1.20.1.jar": {
    "jarName": "colorwheel_patcher-forge-1.0.0+mc1.20.1.jar",
    "modId": "colorwheel_patcher",
    "version": "1.0.0+mc1.20.1"
  },
  "comforts-forge-6.4.0+1.20.1.jar": {
    "jarName": "comforts-forge-6.4.0+1.20.1.jar",
    "modId": "comforts",
    "version": "6.4.0+1.20.1"
  },
  "connectivity-1.20.1-7.1.jar": {
    "jarName": "connectivity-1.20.1-7.1.jar",
    "modId": "connectivity",
    "version": "1.20.1-7.1"
  },
  "constructionwand-1.20.1-2.11.jar": {
    "jarName": "constructionwand-1.20.1-2.11.jar",
    "modId": "constructionwand",
    "version": "1.20.1-2.11"
  },
  "Controlling-forge-1.20.1-12.0.2.jar": {
    "jarName": "Controlling-forge-1.20.1-12.0.2.jar",
    "modId": "controlling",
    "version": "12.0.2"
  },
  "copycats-3.0.2+mc.1.20.1-forge.jar": {
    "jarName": "copycats-3.0.2+mc.1.20.1-forge.jar",
    "modId": "copycats",
    "version": "3.0.2+mc.1.20.1-forge"
  },
  "coroutil-forge-1.20.1-1.3.7.jar": {
    "jarName": "coroutil-forge-1.20.1-1.3.7.jar",
    "modId": "coroutil",
    "version": "1.20.1-1.3.7"
  },
  "cosmeticarmorreworked-1.20.1-v1a.jar": {
    "jarName": "cosmeticarmorreworked-1.20.1-v1a.jar",
    "modId": "cosmeticarmorreworked",
    "version": "1.20.1-v1a"
  },
  "CrabbersDelight-1.20.1-1.1.7d.jar": {
    "jarName": "CrabbersDelight-1.20.1-1.1.7d.jar",
    "modId": "crabbersdelight",
    "version": "1.1.7d"
  },
  "crafting-on-a-stick-1.20.1-1.1.5.jar": {
    "jarName": "crafting-on-a-stick-1.20.1-1.1.5.jar",
    "modId": "crafting_on_a_stick",
    "version": "1.1.5"
  },
  "craftingtweaks-forge-1.20.1-18.2.6.jar": {
    "jarName": "craftingtweaks-forge-1.20.1-18.2.6.jar",
    "modId": "craftingtweaks",
    "version": "18.2.6"
  },
  "CrashAssistant-forge-1.19-1.20.1-1.9.15.jar": {
    "jarName": "CrashAssistant-forge-1.19-1.20.1-1.9.15.jar",
    "modId": "crash_assistant",
    "version": "1.9.15"
  },
  "create-1.20.1-6.0.6.jar": {
    "jarName": "create-1.20.1-6.0.6.jar",
    "modId": "create",
    "version": "6.0.6"
  },
  "create_central_kitchen-1.20.1-for-create-6.0.4-1.4.1.jar": {
    "jarName": "create_central_kitchen-1.20.1-for-create-6.0.4-1.4.1.jar",
    "modId": "create_central_kitchen",
    "version": "1.4.1"
  },
  "create_enchantment_industry-1.3.3-for-create-6.0.6.jar": {
    "jarName": "create_enchantment_industry-1.3.3-for-create-6.0.6.jar",
    "modId": "create_enchantment_industry",
    "version": "1.3.3-for-create-6.0.6"
  },
  "create_factory_logistics-1.20.1-1.4.6.jar": {
    "jarName": "create_factory_logistics-1.20.1-1.4.6.jar",
    "modId": "create_factory_logistics",
    "version": "1.4.6"
  },
  "create_hypertube-0.2.5-FORGE.jar": {
    "jarName": "create_hypertube-0.2.5-FORGE.jar",
    "modId": "create_hypertube",
    "version": "0.2.5"
  },
  "create_mecanical_extruder-1.20.1-1.6.11-6.0.6.jar": {
    "jarName": "create_mecanical_extruder-1.20.1-1.6.11-6.0.6.jar",
    "modId": "create_mechanical_extruder",
    "version": "1.20.1-1.6.10-6.0.6"
  },
  "create_slime-1.0.1.jar": {
    "jarName": "create_slime-1.0.1.jar",
    "modId": "create_slime",
    "version": "1.20"
  },
  "createentitycontroller-1.20.1-0.2.7-6.0.+.jar": {
    "jarName": "createentitycontroller-1.20.1-0.2.7-6.0.+.jar",
    "modId": "createentitycontroller",
    "version": "0.2.7-0.5.1j"
  },
  "CreateNumismatics-1.0.15+forge-mc1.20.1.jar": {
    "jarName": "CreateNumismatics-1.0.15+forge-mc1.20.1.jar",
    "modId": "numismatics",
    "version": "1.0.15+forge-mc1.20.1"
  },
  "createrailwaysnavigator-forge-1.20.1-beta-0.8.4-C6.jar": {
    "jarName": "createrailwaysnavigator-forge-1.20.1-beta-0.8.4-C6.jar",
    "modId": "createrailwaysnavigator",
    "version": "1.20.1-beta-0.8.4-C6"
  },
  "createutilities-0.3.2+1.20.1.jar": {
    "jarName": "createutilities-0.3.2+1.20.1.jar",
    "modId": "createutilities",
    "version": "0.3.2+1.20.1"
  },
  "CreativeCore_FORGE_v2.12.32_mc1.20.1.jar": {
    "jarName": "CreativeCore_FORGE_v2.12.32_mc1.20.1.jar",
    "modId": "creativecore",
    "version": "2.12.32"
  },
  "creeperconfetti-4.3.jar": {
    "jarName": "creeperconfetti-4.3.jar",
    "modId": "creeperconfetti",
    "version": "4.3"
  },
  "crittersandcompanions-forge-1.20.1-2.3.2.jar": {
    "jarName": "crittersandcompanions-forge-1.20.1-2.3.2.jar",
    "modId": "crittersandcompanions",
    "version": "1.20.1-2.3.2"
  },
  "croptania-0.3.jar": {
    "jarName": "croptania-0.3.jar",
    "modId": "croptania",
    "version": "0.3"
  },
  "cupboard-1.20.1-2.7.jar": {
    "jarName": "cupboard-1.20.1-2.7.jar",
    "modId": "cupboard",
    "version": "1.20.1-2.7"
  },
  "curios-forge-5.11.1+1.20.1.jar": {
    "jarName": "curios-forge-5.11.1+1.20.1.jar",
    "modId": "curios",
    "version": "5.11.1+1.20.1"
  },
  "curious_armor_stands-1.20-5.1.0.jar": {
    "jarName": "curious_armor_stands-1.20-5.1.0.jar",
    "modId": "curious_armor_stands",
    "version": "1.20-5.1.0"
  },
  "customvillagertrades-forge-20.25.0.jar": {
    "jarName": "customvillagertrades-forge-20.25.0.jar",
    "modId": "customvillagertrades",
    "version": "20.25.0"
  },
  "decorative_blocks-forge-1.20.1-4.1.3.jar": {
    "jarName": "decorative_blocks-forge-1.20.1-4.1.3.jar",
    "modId": "decorative_blocks",
    "version": "4.1.3"
  },
  "defaultoptions-forge-1.20.1-18.0.3.jar": {
    "jarName": "defaultoptions-forge-1.20.1-18.0.3.jar",
    "modId": "defaultoptions",
    "version": "18.0.3"
  },
  "dew_drop_daily_weather-1.1.1.jar": {
    "jarName": "dew_drop_daily_weather-1.1.1.jar",
    "modId": "dew_drop_daily_weather",
    "version": "1.1.1"
  },
  "dew_drop_farmland_growth-4.5.jar": {
    "jarName": "dew_drop_farmland_growth-4.5.jar",
    "modId": "dew_drop_farmland_growth",
    "version": "4.5"
  },
  "dew_drop_watering_cans-1.0.2.jar": {
    "jarName": "dew_drop_watering_cans-1.0.2.jar",
    "modId": "dew_drop_watering_cans",
    "version": "1.0.2"
  },
  "DiagonalFences-v8.1.5-1.20.1-Forge.jar": {
    "jarName": "DiagonalFences-v8.1.5-1.20.1-Forge.jar",
    "modId": "diagonalfences",
    "version": "8.1.5"
  },
  "DiagonalWalls-v8.0.4-1.20.1-Forge.jar": {
    "jarName": "DiagonalWalls-v8.0.4-1.20.1-Forge.jar",
    "modId": "diagonalwalls",
    "version": "8.0.4"
  },
  "displaydelight-0.0.1-lite.jar": {
    "jarName": "displaydelight-0.0.1-lite.jar",
    "modId": "displaydelight",
    "version": "0.0.1-lite"
  },
  "DramaticDoors-QuiFabrge-1.20.1-3.3.1.jar": {
    "jarName": "DramaticDoors-QuiFabrge-1.20.1-3.3.1.jar",
    "modId": "dramaticdoors",
    "version": "1.20.1-3.3.1"
  },
  "drippyloadingscreen_forge_3.0.12_MC_1.20.1.jar": {
    "jarName": "drippyloadingscreen_forge_3.0.12_MC_1.20.1.jar",
    "modId": "drippyloadingscreen",
    "version": "3.0.12"
  },
  "ears-forge-1.19.4-1.4.7.jar": {
    "jarName": "ears-forge-1.19.4-1.4.7.jar",
    "modId": "ears",
    "version": "1.4.7"
  },
  "EasyAnvils-v8.0.2-1.20.1-Forge.jar": {
    "jarName": "EasyAnvils-v8.0.2-1.20.1-Forge.jar",
    "modId": "easyanvils",
    "version": "8.0.2"
  },
  "embeddium-0.3.31+mc1.20.1.jar": {
    "jarName": "embeddium-0.3.31+mc1.20.1.jar",
    "modId": "embeddium",
    "version": "0.3.31+mc1.20.1"
  },
  "emberstextapi-1.3.0.jar": {
    "jarName": "emberstextapi-1.3.0.jar",
    "modId": "emberstextapi",
    "version": "1.3.0"
  },
  "emi-1.1.22+1.20.1+forge.jar": {
    "jarName": "emi-1.1.22+1.20.1+forge.jar",
    "modId": "emi",
    "version": "1.1.22+1.20.1+forge"
  },
  "Emojiful-Forge-1.20.1-4.2.0.jar": {
    "jarName": "Emojiful-Forge-1.20.1-4.2.0.jar",
    "modId": "emojiful",
    "version": "4.2.0"
  },
  "EnchantmentDescriptions-Forge-1.20.1-17.1.19.jar": {
    "jarName": "EnchantmentDescriptions-Forge-1.20.1-17.1.19.jar",
    "modId": "enchdesc",
    "version": "17.1.19"
  },
  "enchantmentdisabletag-forge-1.1.0+1.20.1.jar": {
    "jarName": "enchantmentdisabletag-forge-1.1.0+1.20.1.jar",
    "modId": "enchantmentdisabletag",
    "version": "1.1.0+1.20.1"
  },
  "entity_model_features_1.20.1-forge-3.0.1.jar": {
    "jarName": "entity_model_features_1.20.1-forge-3.0.1.jar",
    "modId": "entity_model_features",
    "version": "3.0.1"
  },
  "entity_texture_features_1.20.1-forge-7.0.2.jar": {
    "jarName": "entity_texture_features_1.20.1-forge-7.0.2.jar",
    "modId": "entity_texture_features",
    "version": "7.0.2"
  },
  "entityculling-forge-1.8.2-mc1.20.1.jar": {
    "jarName": "entityculling-forge-1.8.2-mc1.20.1.jar",
    "modId": "entityculling",
    "version": "1.8.2"
  },
  "entityjs-0.6.2-1.20.1.jar": {
    "jarName": "entityjs-0.6.2-1.20.1.jar",
    "modId": "entityjs",
    "version": "0.6.2-1.20.1"
  },
  "Etcetera-1.20.1-1.1.3-Forge.jar": {
    "jarName": "Etcetera-1.20.1-1.1.3-Forge.jar",
    "modId": "etcetera",
    "version": "1.20.1-1.1.3"
  },
  "etched-3.0.4.jar": {
    "jarName": "etched-3.0.4.jar",
    "modId": "etched",
    "version": "3.0.4"
  },
  "everycomp-1.20-2.9.2-forge.jar": {
    "jarName": "everycomp-1.20-2.9.2-forge.jar",
    "modId": "everycomp",
    "version": "1.20-2.9.2"
  },
  "expandability-9.0.4.jar": {
    "jarName": "expandability-9.0.4.jar",
    "modId": "expandability",
    "version": "9.0.4"
  },
  "exposure-1.20.1-1.7.16-forge.jar": {
    "jarName": "exposure-1.20.1-1.7.16-forge.jar",
    "modId": "exposure",
    "version": "1.7.16"
  },
  "exposure_catalog-1.20.1-1.0.3-forge.jar": {
    "jarName": "exposure_catalog-1.20.1-1.0.3-forge.jar",
    "modId": "exposure_catalog",
    "version": "1.0.3"
  },
  "extra_gauges-2.0.6.jar": {
    "jarName": "extra_gauges-2.0.6.jar",
    "modId": "extra_gauges",
    "version": "2.0.6"
  },
  "extractinator-forge-1.20.1-2.3.0.jar": {
    "jarName": "extractinator-forge-1.20.1-2.3.0.jar",
    "modId": "extractinator",
    "version": "2.3.0"
  },
  "ExtremeSoundMuffler-3.48-forge-1.20.1.jar": {
    "jarName": "ExtremeSoundMuffler-3.48-forge-1.20.1.jar",
    "modId": "extremesoundmuffler",
    "version": "3.48"
  },
  "fallingleaves-1.20.1-2.1.2.jar": {
    "jarName": "fallingleaves-1.20.1-2.1.2.jar",
    "modId": "fallingleaves",
    "version": "2.1.2"
  },
  "fallingtrees-forge-mc1.20-0.13.2-SNAPSHOT.jar": {
    "jarName": "fallingtrees-forge-mc1.20-0.13.2-SNAPSHOT.jar",
    "modId": "fallingtrees",
    "version": "0.13.2"
  },
  "fancymenu_forge_3.7.0_MC_1.20.1.jar": {
    "jarName": "fancymenu_forge_3.7.0_MC_1.20.1.jar",
    "modId": "fancymenu",
    "version": "3.7.0"
  },
  "fantasyfurniture-1.20.1-9.0.0.jar": {
    "jarName": "fantasyfurniture-1.20.1-9.0.0.jar",
    "modId": "fantasyfurniture",
    "version": "9.0.0"
  },
  "FarmersDelight-1.20.1-1.2.9.jar": {
    "jarName": "FarmersDelight-1.20.1-1.2.9.jar",
    "modId": "farmersdelight",
    "version": "1.20.1-1.2.9"
  },
  "farmingforblockheads-forge-1.20.1-14.0.2.jar": {
    "jarName": "farmingforblockheads-forge-1.20.1-14.0.2.jar",
    "modId": "farmingforblockheads",
    "version": "14.0.2"
  },
  "farmlife-1.20.1-1.1.0.jar": {
    "jarName": "farmlife-1.20.1-1.1.0.jar",
    "modId": "farmlife",
    "version": "1.20.1-1.1.0"
  },
  "FasterLadderClimbing-1.20.1-0.2.10.jar": {
    "jarName": "FasterLadderClimbing-1.20.1-0.2.10.jar",
    "modId": "fasterladderclimbing",
    "version": "0.2.10"
  },
  "FastFurnace-1.20.1-8.0.2.jar": {
    "jarName": "FastFurnace-1.20.1-8.0.2.jar",
    "modId": "fastfurnace",
    "version": "8.0.2"
  },
  "FastLeafDecay-32.jar": {
    "jarName": "FastLeafDecay-32.jar",
    "modId": "fastleafdecay",
    "version": "32"
  },
  "fastpaintings-1.20-1.2.7.jar": {
    "jarName": "fastpaintings-1.20-1.2.7.jar",
    "modId": "fastpaintings",
    "version": "1.20-1.2.7"
  },
  "FastSuite-1.20.1-5.1.0.jar": {
    "jarName": "FastSuite-1.20.1-5.1.0.jar",
    "modId": "fastsuite",
    "version": "5.1.0"
  },
  "FastWorkbench-1.20.1-8.0.4.jar": {
    "jarName": "FastWorkbench-1.20.1-8.0.4.jar",
    "modId": "fastbench",
    "version": "8.0.4"
  },
  "ferritecore-6.0.1-forge.jar": {
    "jarName": "ferritecore-6.0.1-forge.jar",
    "modId": "ferritecore",
    "version": "6.0.1"
  },
  "findme-3.2.1-forge.jar": {
    "jarName": "findme-3.2.1-forge.jar",
    "modId": "findme",
    "version": "3.2.1"
  },
  "flerovium-forge-1.20.1-1.2.15-all.jar": {
    "jarName": "flerovium-forge-1.20.1-1.2.15-all.jar",
    "modId": "flerovium",
    "version": "1.2.15"
  },
  "framework-forge-1.20.1-0.7.15.jar": {
    "jarName": "framework-forge-1.20.1-0.7.15.jar",
    "modId": "framework",
    "version": "0.7.15"
  },
  "ftb-chunks-forge-2001.3.6.jar": {
    "jarName": "ftb-chunks-forge-2001.3.6.jar",
    "modId": "ftbchunks",
    "version": "2001.3.6"
  },
  "ftb-library-forge-2001.2.10.jar": {
    "jarName": "ftb-library-forge-2001.2.10.jar",
    "modId": "ftblibrary",
    "version": "2001.2.10"
  },
  "ftb-quests-forge-2001.4.13.jar": {
    "jarName": "ftb-quests-forge-2001.4.13.jar",
    "modId": "ftbquests",
    "version": "2001.4.13"
  },
  "ftb-teams-forge-2001.3.1.jar": {
    "jarName": "ftb-teams-forge-2001.3.1.jar",
    "modId": "ftbteams",
    "version": "2001.3.1"
  },
  "ftb-xmod-compat-forge-2.1.3.jar": {
    "jarName": "ftb-xmod-compat-forge-2.1.3.jar",
    "modId": "ftbxmodcompat",
    "version": "2.1.3"
  },
  "ftbbackups2-forge-1.20-1.0.23.jar": {
    "jarName": "ftbbackups2-forge-1.20-1.0.23.jar",
    "modId": "ftbbackups2",
    "version": "1.0.23"
  },
  "ftbquestlocalizer-1.20.1-forge-3.2.0.jar": {
    "jarName": "ftbquestlocalizer-1.20.1-forge-3.2.0.jar",
    "modId": "ftbquestlocalizer",
    "version": "3.2.0"
  },
  "functionalstorage-1.20.1-1.2.10.jar": {
    "jarName": "functionalstorage-1.20.1-1.2.10.jar",
    "modId": "functionalstorage",
    "version": "1.20.1-1.2.10"
  },
  "fusion-1.2.11a-forge-mc1.20.1.jar": {
    "jarName": "fusion-1.2.11a-forge-mc1.20.1.jar",
    "modId": "fusion",
    "version": "1.2.11+a"
  },
  "gag-forge-3.0.0-build.13.jar": {
    "jarName": "gag-forge-3.0.0-build.13.jar",
    "modId": "gag",
    "version": "3.0.0-build.13"
  },
  "gallery-1.20.1-1.0.3.jar": {
    "jarName": "gallery-1.20.1-1.0.3.jar",
    "modId": "gallery",
    "version": "1.0.3"
  },
  "gamediscs-0.3.2-forge.jar": {
    "jarName": "gamediscs-0.3.2-forge.jar",
    "modId": "gamediscs",
    "version": "0.3.2-forge"
  },
  "GeckoJS-2001forge-1.5.2.jar": {
    "jarName": "GeckoJS-2001forge-1.5.2.jar",
    "modId": "geckojs",
    "version": "2001forge-1.5.2"
  },
  "geckolib-forge-1.20.1-4.8.jar": {
    "jarName": "geckolib-forge-1.20.1-4.8.jar",
    "modId": "geckolib",
    "version": "4.8"
  },
  "GlitchCore-forge-1.20.1-0.0.1.1.jar": {
    "jarName": "GlitchCore-forge-1.20.1-0.0.1.1.jar",
    "modId": "glitchcore",
    "version": "0.0.1.1"
  },
  "guiclock-1.20.1-4.6.jar": {
    "jarName": "guiclock-1.20.1-4.6.jar",
    "modId": "guiclock",
    "version": "4.6"
  },
  "hamsters-forge-1.0.3-1.20.1.jar": {
    "jarName": "hamsters-forge-1.0.3-1.20.1.jar",
    "modId": "hamsters",
    "version": "1.20.1-1.0.3"
  },
  "HopoBetterMineshaft-[1.20.1-1.20.4]-1.2.2d.jar": {
    "jarName": "HopoBetterMineshaft-[1.20.1-1.20.4]-1.2.2d.jar",
    "modId": "hopo",
    "version": "1.2.2"
  },
  "horseman-1.20.1-1.3.11-forge.jar": {
    "jarName": "horseman-1.20.1-1.3.11-forge.jar",
    "modId": "horseman",
    "version": "1.3.11"
  },
  "Iceberg-1.20.1-forge-1.1.25.jar": {
    "jarName": "Iceberg-1.20.1-forge-1.1.25.jar",
    "modId": "iceberg",
    "version": "1.1.25"
  },
  "ImmediatelyFast-Forge-1.5.2+1.20.4.jar": {
    "jarName": "ImmediatelyFast-Forge-1.5.2+1.20.4.jar",
    "modId": "immediatelyfast",
    "version": "1.5.2+1.20.4"
  },
  "immersive_paintings-0.6.8+1.20.1-forge.jar": {
    "jarName": "immersive_paintings-0.6.8+1.20.1-forge.jar",
    "modId": "immersive_paintings",
    "version": "0.6.8+1.20.1"
  },
  "incontrol-1.20-9.3.3.jar": {
    "jarName": "incontrol-1.20-9.3.3.jar",
    "modId": "incontrol",
    "version": "1.20-9.3.3"
  },
  "irons_rpg_tweaks-1.20-1.4.0.jar": {
    "jarName": "irons_rpg_tweaks-1.20-1.4.0.jar",
    "modId": "irons_rpg_tweaks",
    "version": "1.20-1.4.0"
  },
  "item-filters-forge-2001.1.0-build.59.jar": {
    "jarName": "item-filters-forge-2001.1.0-build.59.jar",
    "modId": "itemfilters",
    "version": "2001.1.0-build.59"
  },
  "Jade-1.20.1-Forge-11.13.2.jar": {
    "jarName": "Jade-1.20.1-Forge-11.13.2.jar",
    "modId": "jade",
    "version": "11.13.2+forge"
  },
  "JadeAddons-1.20.1-Forge-5.5.0.jar": {
    "jarName": "JadeAddons-1.20.1-Forge-5.5.0.jar",
    "modId": "jadeaddons",
    "version": "5.5.0+forge"
  },
  "jeed-1.20-2.2.5.jar": {
    "jarName": "jeed-1.20-2.2.5.jar",
    "modId": "jeed",
    "version": "1.20-2.2.5"
  },
  "jei-1.20.1-forge-15.20.0.116.jar": {
    "jarName": "jei-1.20.1-forge-15.20.0.116.jar",
    "modId": "jei",
    "version": "15.20.0.116"
  },
  "jmi-forge-1.20.1-0.14-48.jar": {
    "jarName": "jmi-forge-1.20.1-0.14-48.jar",
    "modId": "jmi",
    "version": "1.20.1-0.14-48"
  },
  "journeymap-1.20.1-5.10.3-forge.jar": {
    "jarName": "journeymap-1.20.1-5.10.3-forge.jar",
    "modId": "journeymap",
    "version": "5.10.3"
  },
  "justhammers-forge-2.0.3+mc1.20.1.jar": {
    "jarName": "justhammers-forge-2.0.3+mc1.20.1.jar",
    "modId": "justhammers",
    "version": "2.0.3+mc1.20.1"
  },
  "Kambrik-6.1.1+1.20.1-forge.jar": {
    "jarName": "Kambrik-6.1.1+1.20.1-forge.jar",
    "modId": "kambrik",
    "version": "6.1.1+1.20.1"
  },
  "Kiwi-1.20.1-Forge-11.8.31.jar": {
    "jarName": "Kiwi-1.20.1-Forge-11.8.31.jar",
    "modId": "kiwi",
    "version": "11.8.31+forge"
  },
  "konkrete_forge_1.8.0_MC_1.20-1.20.1.jar": {
    "jarName": "konkrete_forge_1.8.0_MC_1.20-1.20.1.jar",
    "modId": "konkrete",
    "version": "1.8.0"
  },
  "kotlinforforge-4.11.0-all.jar": {
    "jarName": "kotlinforforge-4.11.0-all.jar"
  },
  "kubejs-forge-2001.6.5-build.16.jar": {
    "jarName": "kubejs-forge-2001.6.5-build.16.jar",
    "modId": "kubejs",
    "version": "2001.6.5-build.16"
  },
  "kubejsadditions-forge-4.3.3.jar": {
    "jarName": "kubejsadditions-forge-4.3.3.jar",
    "modId": "kubejsadditions",
    "version": "4.3.3"
  },
  "labels-1.20-2.0.0.jar": {
    "jarName": "labels-1.20-2.0.0.jar",
    "modId": "labels",
    "version": "1.20-2.0.0"
  },
  "LeavesBeGone-v8.0.0-1.20.1-Forge.jar": {
    "jarName": "LeavesBeGone-v8.0.0-1.20.1-Forge.jar",
    "modId": "leavesbegone",
    "version": "8.0.0"
  },
  "legendarycreatures-1.20.1-1.1.1.3.jar": {
    "jarName": "legendarycreatures-1.20.1-1.1.1.3.jar",
    "modId": "legendarycreatures",
    "version": "1.20.1-1.1.1.3"
  },
  "letsdo-API-forge-1.2.15-forge.jar": {
    "jarName": "letsdo-API-forge-1.2.15-forge.jar",
    "modId": "doapi",
    "version": "1.2.15"
  },
  "letsdo-bakery-forge-2.0.3.jar": {
    "jarName": "letsdo-bakery-forge-2.0.3.jar",
    "modId": "bakery",
    "version": "2.0.3"
  },
  "letsdo-beachparty-forge-1.1.5.jar": {
    "jarName": "letsdo-beachparty-forge-1.1.5.jar",
    "modId": "beachparty",
    "version": "1.1.5"
  },
  "letsdo-brewery-forge-2.0.3.jar": {
    "jarName": "letsdo-brewery-forge-2.0.3.jar",
    "modId": "brewery",
    "version": "2.0.3"
  },
  "letsdo-candlelight-forge-2.0.2.jar": {
    "jarName": "letsdo-candlelight-forge-2.0.2.jar",
    "modId": "candlelight",
    "version": "2.0.2"
  },
  "letsdo-farm_and_charm-forge-1.0.4.jar": {
    "jarName": "letsdo-farm_and_charm-forge-1.0.4.jar",
    "modId": "farm_and_charm",
    "version": "1.0.4"
  },
  "letsdo-furniture-forge-1.0.4.jar": {
    "jarName": "letsdo-furniture-forge-1.0.4.jar",
    "modId": "furniture",
    "version": "1.0.4"
  },
  "letsdo-herbalbrews-forge-1.0.12.jar": {
    "jarName": "letsdo-herbalbrews-forge-1.0.12.jar",
    "modId": "herbalbrews",
    "version": "1.0.12"
  },
  "letsdo-meadow-forge-1.3.23.jar": {
    "jarName": "letsdo-meadow-forge-1.3.23.jar",
    "modId": "meadow",
    "version": "1.3.23"
  },
  "letsdo-nethervinery-forge-1.2.19.jar": {
    "jarName": "letsdo-nethervinery-forge-1.2.19.jar",
    "modId": "nethervinery",
    "version": "1.2.19"
  },
  "letsdo-vinery-forge-1.4.40.jar": {
    "jarName": "letsdo-vinery-forge-1.4.40.jar",
    "modId": "vinery",
    "version": "1.4.40"
  },
  "letsdo-wildernature-forge-1.0.5.jar": {
    "jarName": "letsdo-wildernature-forge-1.0.5.jar",
    "modId": "wildernature",
    "version": "1.0.5"
  },
  "lithostitched-forge-1.20.1-1.4.8.jar": {
    "jarName": "lithostitched-forge-1.20.1-1.4.8.jar",
    "modId": "lithostitched",
    "version": "1.4.8"
  },
  "littlejoys-forge-1.20.1-20.1.14.jar": {
    "jarName": "littlejoys-forge-1.20.1-20.1.14.jar",
    "modId": "littlejoys",
    "version": "20.1.14"
  },
  "LittleTractor-1.20.1-1.2.jar": {
    "jarName": "LittleTractor-1.20.1-1.2.jar",
    "modId": "liltractor",
    "version": "1.20.1-1.2"
  },
  "lmft-1.0.4+1.20.1-forge.jar": {
    "jarName": "lmft-1.0.4+1.20.1-forge.jar",
    "modId": "lmft",
    "version": "1.0.4+1.20.1"
  },
  "Log-Begone-Forge-1.20.1-1.0.8.jar": {
    "jarName": "Log-Begone-Forge-1.20.1-1.0.8.jar",
    "modId": "logbegone",
    "version": "1.0.8"
  },
  "Longwings-v0.9.3-1.20.1-Forge.jar": {
    "jarName": "Longwings-v0.9.3-1.20.1-Forge.jar",
    "modId": "longwings",
    "version": "0.9.3"
  },
  "Loot Journal-forge-1.20.1-5.0.1.jar": {
    "jarName": "Loot Journal-forge-1.20.1-5.0.1.jar",
    "modId": "loot_journal",
    "version": "5.0.1"
  },
  "lootjs-forge-1.20.1-2.13.0.jar": {
    "jarName": "lootjs-forge-1.20.1-2.13.0.jar",
    "modId": "lootjs",
    "version": "1.20.1-2.13.0"
  },
  "lootr-forge-1.20-0.7.35.90.jar": {
    "jarName": "lootr-forge-1.20-0.7.35.90.jar",
    "modId": "lootr",
    "version": "0.7.35.90"
  },
  "MaxEnchantX-1.20.X-1.3-Forge.jar": {
    "jarName": "MaxEnchantX-1.20.X-1.3-Forge.jar",
    "modId": "maxenchantx",
    "version": "1.3"
  },
  "melody_forge_1.0.3_MC_1.20.1-1.20.4.jar": {
    "jarName": "melody_forge_1.0.3_MC_1.20.1-1.20.4.jar",
    "modId": "melody",
    "version": "1.0.2"
  },
  "MobLassos-v8.0.1-1.20.1-Forge.jar": {
    "jarName": "MobLassos-v8.0.1-1.20.1-Forge.jar",
    "modId": "moblassos",
    "version": "8.0.1"
  },
  "modernfix-forge-5.24.4+mc1.20.1.jar": {
    "jarName": "modernfix-forge-5.24.4+mc1.20.1.jar",
    "modId": "modernfix",
    "version": "5.24.4+mc1.20.1"
  },
  "moonlight-1.20-2.16.8-forge.jar": {
    "jarName": "moonlight-1.20-2.16.8-forge.jar",
    "modId": "moonlight",
    "version": "1.20-2.16.8"
  },
  "morejs-forge-1.20.1-0.10.1.jar": {
    "jarName": "morejs-forge-1.20.1-0.10.1.jar",
    "modId": "morejs",
    "version": "0.10.1"
  },
  "moreminecarts-1.8.3.jar": {
    "jarName": "moreminecarts-1.8.3.jar",
    "modId": "moreminecarts",
    "version": "1.8.3"
  },
  "moreoverlays-1.22.7-mc1.20.2.jar": {
    "jarName": "moreoverlays-1.22.7-mc1.20.2.jar",
    "modId": "moreoverlays",
    "version": "1.22.7-mc1.20.2"
  },
  "MouseTweaks-forge-mc1.20.1-2.25.1.jar": {
    "jarName": "MouseTweaks-forge-mc1.20.1-2.25.1.jar",
    "modId": "mousetweaks",
    "version": "2.25.1"
  },
  "mvs-4.1.4-1.20-forge.jar": {
    "jarName": "mvs-4.1.4-1.20-forge.jar",
    "modId": "mvs",
    "version": "4.1.4-1.20-forge"
  },
  "MyServerIsCompatible-1.20-1.0.jar": {
    "jarName": "MyServerIsCompatible-1.20-1.0.jar",
    "modId": "myserveriscompatible",
    "version": "1.0"
  },
  "mysticaloaktree-1.20-1.11.jar": {
    "jarName": "mysticaloaktree-1.20-1.11.jar",
    "modId": "mysticaloaktree",
    "version": "1.20-1.11"
  },
  "NaturesCompass-1.20.1-1.11.2-forge.jar": {
    "jarName": "NaturesCompass-1.20.1-1.11.2-forge.jar",
    "modId": "naturescompass",
    "version": "1.20.1-1.11.2-forge"
  },
  "NeoAuth-1.20.1-1.0.3.jar": {
    "jarName": "NeoAuth-1.20.1-1.0.3.jar",
    "modId": "neo_auth",
    "version": "1.0.3"
  },
  "netherdepthsupgrade-3.1.5-1.20.jar": {
    "jarName": "netherdepthsupgrade-3.1.5-1.20.jar",
    "modId": "netherdepthsupgrade",
    "version": "3.1.5-1.20"
  },
  "netherportalfix-forge-1.20-13.0.1.jar": {
    "jarName": "netherportalfix-forge-1.20-13.0.1.jar",
    "modId": "netherportalfix",
    "version": "13.0.1"
  },
  "nightlights-1.20.1-1.1.jar": {
    "jarName": "nightlights-1.20.1-1.1.jar",
    "modId": "nightlights",
    "version": "1.1"
  },
  "NoChatReports-FORGE-1.20.1-v2.2.2.jar": {
    "jarName": "NoChatReports-FORGE-1.20.1-v2.2.2.jar",
    "modId": "nochatreports",
    "version": "1.20.1-v2.2.2"
  },
  "Not Enough Recipe Book-FORGE-0.4.1+1.20.1.jar": {
    "jarName": "Not Enough Recipe Book-FORGE-0.4.1+1.20.1.jar",
    "modId": "nerb",
    "version": "0.4.1"
  },
  "numismatics_utils-1.1.jar": {
    "jarName": "numismatics_utils-1.1.jar",
    "modId": "numismatics_utils",
    "version": "1.1"
  },
  "observable-4.4.1.jar": {
    "jarName": "observable-4.4.1.jar",
    "modId": "observable",
    "version": "4.4.1"
  },
  "OctoLib-FORGE-0.5.0.1+1.20.1.jar": {
    "jarName": "OctoLib-FORGE-0.5.0.1+1.20.1.jar",
    "modId": "octolib",
    "version": "0.5.0.1"
  },
  "oculus-mc1.20.1-1.8.0.jar": {
    "jarName": "oculus-mc1.20.1-1.8.0.jar",
    "modId": "oculus",
    "version": "1.8.0"
  },
  "ok_zoomer-forge-5.4.0-beta.8.jar": {
    "jarName": "ok_zoomer-forge-5.4.0-beta.8.jar",
    "modId": "ok_zoomer",
    "version": "5.4.0-beta.8"
  },
  "online_detector-1.20-6.0.0.jar": {
    "jarName": "online_detector-1.20-6.0.0.jar",
    "modId": "online_detector",
    "version": "1.20-6.0.0"
  },
  "Oreganized 1.20.1-4.2.5.jar": {
    "jarName": "Oreganized 1.20.1-4.2.5.jar",
    "modId": "oreganized",
    "version": "4.2.5"
  },
  "pamhc2trees-1.20-1.0.2.jar": {
    "jarName": "pamhc2trees-1.20-1.0.2.jar",
    "modId": "pamhc2trees",
    "version": "1.0.2"
  },
  "pandalib-forge-mc1.20-0.5.2-SNAPSHOT.jar": {
    "jarName": "pandalib-forge-mc1.20-0.5.2-SNAPSHOT.jar",
    "modId": "pandalib",
    "version": "0.5.2"
  },
  "Paraglider-forge-20.1.3.jar": {
    "jarName": "Paraglider-forge-20.1.3.jar",
    "modId": "paraglider",
    "version": "20.1.3"
  },
  "particlerain-4.0.0-alpha.3+1.20.1-forge.jar": {
    "jarName": "particlerain-4.0.0-alpha.3+1.20.1-forge.jar",
    "modId": "particlerain",
    "version": "4.0.0-alpha.3+1.20.1-forge"
  },
  "PassableFoliage-1.20.1-forge-8.2.1.jar": {
    "jarName": "PassableFoliage-1.20.1-forge-8.2.1.jar",
    "modId": "passablefoliage",
    "version": "8.2.1"
  },
  "Patchouli-1.20.1-84.1-FORGE.jar": {
    "jarName": "Patchouli-1.20.1-84.1-FORGE.jar",
    "modId": "patchouli",
    "version": "1.20.1-84.1-FORGE"
  },
  "perfectplushies-forge-1.20.1-1.13.3.jar": {
    "jarName": "perfectplushies-forge-1.20.1-1.13.3.jar",
    "modId": "perfectplushies",
    "version": "1.13.3"
  },
  "pipez-forge-1.20.1-1.2.21.jar": {
    "jarName": "pipez-forge-1.20.1-1.2.21.jar",
    "modId": "pipez",
    "version": "1.20.1-1.2.21"
  },
  "Placebo-1.20.1-8.6.3.jar": {
    "jarName": "Placebo-1.20.1-8.6.3.jar",
    "modId": "placebo",
    "version": "8.6.3"
  },
  "Platform-forge-1.20.1-1.2.10.1.jar": {
    "jarName": "Platform-forge-1.20.1-1.2.10.1.jar",
    "modId": "platform",
    "version": "1.2.10.1"
  },
  "player-animation-lib-forge-1.0.2-rc1+1.20.jar": {
    "jarName": "player-animation-lib-forge-1.0.2-rc1+1.20.jar",
    "modId": "playeranimator",
    "version": "1.0.2-rc1+1.20"
  },
  "plonk-1.20.1-10.0.5-forge.jar": {
    "jarName": "plonk-1.20.1-10.0.5-forge.jar",
    "modId": "plonk",
    "version": "10.0.5"
  },
  "polylib-forge-2000.0.3-build.143.jar": {
    "jarName": "polylib-forge-2000.0.3-build.143.jar",
    "modId": "polylib",
    "version": "2000.0.3-build.143"
  },
  "ponderjs-1.20.1-2.0.6.jar": {
    "jarName": "ponderjs-1.20.1-2.0.6.jar",
    "modId": "ponderjs",
    "version": "2.0.6"
  },
  "portable_blueprints-v1.9.3-mv1.20.1.jar": {
    "jarName": "portable_blueprints-v1.9.3-mv1.20.1.jar",
    "modId": "portable_blueprints",
    "version": "1.9.3"
  },
  "portfolio-1.20.1-1.4.0-forge.jar": {
    "jarName": "portfolio-1.20.1-1.4.0-forge.jar",
    "modId": "portfolio",
    "version": "1.20.1-1.4.0-forge"
  },
  "powerfuljs-1.6.1.jar": {
    "jarName": "powerfuljs-1.6.1.jar",
    "modId": "powerfuljs",
    "version": "1.6.1"
  },
  "puffish_attributes-0.7.2-1.20-forge.jar": {
    "jarName": "puffish_attributes-0.7.2-1.20-forge.jar",
    "modId": "puffish_attributes",
    "version": "0.7.2"
  },
  "puffish_skills-0.16.1-1.20-forge.jar": {
    "jarName": "puffish_skills-0.16.1-1.20-forge.jar",
    "modId": "puffish_skills",
    "version": "0.16.1"
  },
  "PuzzlesLib-v8.1.32-1.20.1-Forge.jar": {
    "jarName": "PuzzlesLib-v8.1.32-1.20.1-Forge.jar",
    "modId": "puzzleslib",
    "version": "8.1.32"
  },
  "quality_food-1.20.1-2.2.6-all.jar": {
    "jarName": "quality_food-1.20.1-2.2.6-all.jar",
    "modId": "quality_food",
    "version": "2.2.6"
  },
  "Quark-4.0-462.jar": {
    "jarName": "Quark-4.0-462.jar",
    "modId": "quark",
    "version": "4.0-462"
  },
  "questsadditions-1.4.7.jar": {
    "jarName": "questsadditions-1.4.7.jar",
    "modId": "questsadditions",
    "version": "1.4.7"
  },
  "radiantgear-forge-2.2.0+1.20.1.jar": {
    "jarName": "radiantgear-forge-2.2.0+1.20.1.jar",
    "modId": "radiantgear",
    "version": "2.2.0+1.20.1"
  },
  "radium-mc1.20.1-0.12.4+git.26c9d8e.jar": {
    "jarName": "radium-mc1.20.1-0.12.4+git.26c9d8e.jar",
    "modId": "radium",
    "version": "0.12.4+git.26c9d8e"
  },
  "refinedstorage-1.12.4.jar": {
    "jarName": "refinedstorage-1.12.4.jar",
    "modId": "refinedstorage",
    "version": "1.12.4"
  },
  "refinedstorageaddons-0.10.0.jar": {
    "jarName": "refinedstorageaddons-0.10.0.jar",
    "modId": "refinedstorageaddons",
    "version": "0.10.0"
  },
  "refurbished_furniture-forge-1.20.1-1.0.14.jar": {
    "jarName": "refurbished_furniture-forge-1.20.1-1.0.14.jar",
    "modId": "refurbished_furniture",
    "version": "1.0.14"
  },
  "rehooked-1.8.3-1.20.1.jar": {
    "jarName": "rehooked-1.8.3-1.20.1.jar",
    "modId": "rehooked",
    "version": "1.8.3-1.20.1"
  },
  "relics-1.20.1-0.8.0.11.jar": {
    "jarName": "relics-1.20.1-0.8.0.11.jar",
    "modId": "relics",
    "version": "0.8.0.11"
  },
  "resourcefulconfig-forge-1.20.1-2.1.3.jar": {
    "jarName": "resourcefulconfig-forge-1.20.1-2.1.3.jar",
    "modId": "resourcefulconfig",
    "version": "2.1.3"
  },
  "resourcefullib-forge-1.20.1-2.1.29.jar": {
    "jarName": "resourcefullib-forge-1.20.1-2.1.29.jar",
    "modId": "resourcefullib",
    "version": "2.1.29"
  },
  "ResourcePackOverrides-v8.0.3-1.20.1-Forge.jar": {
    "jarName": "ResourcePackOverrides-v8.0.3-1.20.1-Forge.jar",
    "modId": "resourcepackoverrides",
    "version": "8.0.3"
  },
  "rhino-forge-2001.2.3-build.10.jar": {
    "jarName": "rhino-forge-2001.2.3-build.10.jar",
    "modId": "rhino",
    "version": "2001.2.3-build.10"
  },
  "Ribbits-1.20.1-Forge-3.0.4.jar": {
    "jarName": "Ribbits-1.20.1-Forge-3.0.4.jar",
    "modId": "ribbits",
    "version": "1.20.1-Forge-3.0.4"
  },
  "rottencreatures-forge-1.20.1-1.1.0.jar": {
    "jarName": "rottencreatures-forge-1.20.1-1.1.0.jar",
    "modId": "rottencreatures",
    "version": "1.1.0"
  },
  "RSInfinityBooster-1.20.1-1.0+41.jar": {
    "jarName": "RSInfinityBooster-1.20.1-1.0+41.jar",
    "modId": "rsinfinitybooster",
    "version": "1.20.1-1.0+41"
  },
  "sawmill-1.20-1.4.10.jar": {
    "jarName": "sawmill-1.20-1.4.10.jar",
    "modId": "sawmill",
    "version": "1.20-1.4.10"
  },
  "Searchables-forge-1.20.1-1.0.3.jar": {
    "jarName": "Searchables-forge-1.20.1-1.0.3.jar",
    "modId": "searchables",
    "version": "1.0.3"
  },
  "seasonhud-forge-1.20.1-1.13.9.jar": {
    "jarName": "seasonhud-forge-1.20.1-1.13.9.jar",
    "modId": "seasonhud",
    "version": "1.13.9"
  },
  "selectivebounds-forge-1.20.1-0.0.2.jar": {
    "jarName": "selectivebounds-forge-1.20.1-0.0.2.jar",
    "modId": "selectivebounds",
    "version": "0.0.2"
  },
  "SereneSeasons-forge-1.20.1-9.1.0.2.jar": {
    "jarName": "SereneSeasons-forge-1.20.1-9.1.0.2.jar",
    "modId": "sereneseasons",
    "version": "9.1.0.2"
  },
  "serverconfigupdater-4.0.2.jar": {
    "jarName": "serverconfigupdater-4.0.2.jar",
    "modId": "serverconfigupdater",
    "version": "4.0.2"
  },
  "servercore-forge-1.5.2+1.20.1.jar": {
    "jarName": "servercore-forge-1.5.2+1.20.1.jar",
    "modId": "servercore",
    "version": "1.5.2+1.20.1"
  },
  "SewingKit-1.20.1-1.8.1.jar": {
    "jarName": "SewingKit-1.20.1-1.8.1.jar",
    "modId": "sewingkit",
    "version": "1.8.1"
  },
  "ShippingBin-forge-1.20.1-4.jar": {
    "jarName": "ShippingBin-forge-1.20.1-4.jar",
    "modId": "shippingbin",
    "version": "4"
  },
  "ShoulderSurfing-Forge-1.20.1-4.14.1.jar": {
    "jarName": "ShoulderSurfing-Forge-1.20.1-4.14.1.jar",
    "modId": "shouldersurfing",
    "version": "1.20.1-4.14.1"
  },
  "SimpleDiscordRichPresence-forge-4.0.3-build.40+mc1.20.1.jar": {
    "jarName": "SimpleDiscordRichPresence-forge-4.0.3-build.40+mc1.20.1.jar",
    "modId": "sdrp",
    "version": "4.0.3-build.40+mc1.20.1"
  },
  "simplehats-forge-1.20.1-0.3.2.jar": {
    "jarName": "simplehats-forge-1.20.1-0.3.2.jar",
    "modId": "simplehats",
    "version": "1.20.1-0.3.2"
  },
  "simplemagnets-1.1.12-forge-mc1.20.1.jar": {
    "jarName": "simplemagnets-1.1.12-forge-mc1.20.1.jar",
    "modId": "simplemagnets",
    "version": "1.1.12"
  },
  "simplerecall-1.0.1-1.20.1.jar": {
    "jarName": "simplerecall-1.0.1-1.20.1.jar",
    "modId": "simplerecall",
    "version": "1.0.1"
  },
  "skillsexpnotifier-5.4.1-SNAPSHOT.jar": {
    "jarName": "skillsexpnotifier-5.4.1-SNAPSHOT.jar",
    "modId": "skillsexpnotifier",
    "version": "1.0-SNAPSHOT"
  },
  "smallships-forge-1.20.1-2.0.0-b1.4.jar": {
    "jarName": "smallships-forge-1.20.1-2.0.0-b1.4.jar",
    "modId": "smallships",
    "version": "2.0.0-b1.4"
  },
  "SmartBrainLib-forge-1.20.1-1.15.jar": {
    "jarName": "SmartBrainLib-forge-1.20.1-1.15.jar",
    "modId": "smartbrainlib",
    "version": "1.15"
  },
  "snowpig-1.20.1-6.0.3.jar": {
    "jarName": "snowpig-1.20.1-6.0.3.jar",
    "modId": "snowpig",
    "version": "1.20.1-6.0.3"
  },
  "SnowRealMagic-1.20.1-Forge-10.6.5.jar": {
    "jarName": "SnowRealMagic-1.20.1-Forge-10.6.5.jar",
    "modId": "snowrealmagic",
    "version": "10.6.5"
  },
  "snowyspirit-1.20-3.0.10.jar": {
    "jarName": "snowyspirit-1.20-3.0.10.jar",
    "modId": "snowyspirit",
    "version": "1.20-3.0.10"
  },
  "snuffles-1.0.7.jar": {
    "jarName": "snuffles-1.0.7.jar",
    "modId": "snuffles",
    "version": "1.0.7"
  },
  "society_trading-0.6.jar": {
    "jarName": "society_trading-0.6.jar",
    "modId": "society_trading",
    "version": "0.6"
  },
  "sodiumdynamiclights-forge-1.0.10-1.20.1.jar": {
    "jarName": "sodiumdynamiclights-forge-1.0.10-1.20.1.jar",
    "modId": "sodiumdynamiclights",
    "version": "1.0.9"
  },
  "sodiumoptionsapi-forge-1.0.10-1.20.1.jar": {
    "jarName": "sodiumoptionsapi-forge-1.0.10-1.20.1.jar",
    "modId": "sodiumoptionsapi",
    "version": "1.0.10"
  },
  "SoLOnion_FORGE_v1.4.5_mc1.20.1.jar": {
    "jarName": "SoLOnion_FORGE_v1.4.5_mc1.20.1.jar",
    "modId": "solonion",
    "version": "1.4.5"
  },
  "sophisticatedbackpacks-1.20.1-3.24.7.1376.jar": {
    "jarName": "sophisticatedbackpacks-1.20.1-3.24.7.1376.jar",
    "modId": "sophisticatedbackpacks",
    "version": "3.24.7.1376"
  },
  "sophisticatedcore-1.20.1-1.2.94.1169.jar": {
    "jarName": "sophisticatedcore-1.20.1-1.2.94.1169.jar",
    "modId": "sophisticatedcore",
    "version": "1.2.94.1169"
  },
  "sophisticatedstorage-1.20.1-1.4.9.1317.jar": {
    "jarName": "sophisticatedstorage-1.20.1-1.4.9.1317.jar",
    "modId": "sophisticatedstorage",
    "version": "1.4.9.1317"
  },
  "sophisticatedstoragecreateintegration-1.20.1-0.1.13.48.jar": {
    "jarName": "sophisticatedstoragecreateintegration-1.20.1-0.1.13.48.jar",
    "modId": "sophisticatedstoragecreateintegration",
    "version": "0.1.13.48"
  },
  "spark-1.10.53-forge.jar": {
    "jarName": "spark-1.10.53-forge.jar",
    "modId": "spark",
    "version": "1.10.53"
  },
  "species-3.5.jar": {
    "jarName": "species-3.5.jar",
    "modId": "species",
    "version": "3.5"
  },
  "splendid_slimes-0.14.4.jar": {
    "jarName": "splendid_slimes-0.14.4.jar",
    "modId": "splendid_slimes",
    "version": "0.14.4"
  },
  "stardew_fishing-3.2-1.20.1.jar": {
    "jarName": "stardew_fishing-3.2-1.20.1.jar",
    "modId": "stardew_fishing",
    "version": "3.2"
  },
  "Steam_Rails-1.6.13-alpha+forge-mc1.20.1.jar": {
    "jarName": "Steam_Rails-1.6.13-alpha+forge-mc1.20.1.jar",
    "modId": "railways",
    "version": "1.6.13-alpha+forge-mc1.20.1"
  },
  "StrawStatues-v8.0.3-1.20.1-Forge.jar": {
    "jarName": "StrawStatues-v8.0.3-1.20.1-Forge.jar",
    "modId": "strawstatues",
    "version": "8.0.3"
  },
  "structureessentials-1.20.1-4.8.jar": {
    "jarName": "structureessentials-1.20.1-4.8.jar",
    "modId": "structureessentials",
    "version": "1.20.1-4.8"
  },
  "structurify-forge-1.0.21+mc1.20.1.jar": {
    "jarName": "structurify-forge-1.0.21+mc1.20.1.jar",
    "modId": "structurify",
    "version": "1.0.21"
  },
  "supermartijn642configlib-1.1.8-forge-mc1.20.jar": {
    "jarName": "supermartijn642configlib-1.1.8-forge-mc1.20.jar",
    "modId": "supermartijn642configlib",
    "version": "1.1.8"
  },
  "supermartijn642corelib-1.1.18-forge-mc1.20.1.jar": {
    "jarName": "supermartijn642corelib-1.1.18-forge-mc1.20.1.jar",
    "modId": "supermartijn642corelib",
    "version": "1.1.18"
  },
  "supplementaries-1.20-3.1.39.jar": {
    "jarName": "supplementaries-1.20-3.1.39.jar",
    "modId": "supplementaries",
    "version": "1.20-3.1.39"
  },
  "tanukidecor-20.1.1.0.jar": {
    "jarName": "tanukidecor-20.1.1.0.jar",
    "modId": "tanukidecor",
    "version": "20.1.1.0"
  },
  "TerraBlender-forge-1.20.1-3.0.1.10.jar": {
    "jarName": "TerraBlender-forge-1.20.1-3.0.1.10.jar",
    "modId": "terrablender",
    "version": "3.0.1.10"
  },
  "Tips-Forge-1.20.1-12.1.8.jar": {
    "jarName": "Tips-Forge-1.20.1-12.1.8.jar",
    "modId": "tipsmod",
    "version": "12.1.8"
  },
  "titanium-1.20.1-3.8.32.jar": {
    "jarName": "titanium-1.20.1-3.8.32.jar",
    "modId": "titanium",
    "version": "3.8.32"
  },
  "ToastControl-1.20.1-8.0.3.jar": {
    "jarName": "ToastControl-1.20.1-8.0.3.jar",
    "modId": "toastcontrol",
    "version": "8.0.3"
  },
  "toms_storage-1.20-1.7.1.jar": {
    "jarName": "toms_storage-1.20-1.7.1.jar",
    "modId": "toms_storage",
    "version": "1.7.1"
  },
  "toofast-1.20-0.4.3.5.jar": {
    "jarName": "toofast-1.20-0.4.3.5.jar",
    "modId": "toofast",
    "version": "0.4.3.5"
  },
  "ToolBelt-1.20.1-1.20.02.jar": {
    "jarName": "ToolBelt-1.20.1-1.20.02.jar",
    "modId": "toolbelt",
    "version": "1.20.02"
  },
  "torchmaster-20.1.9.jar": {
    "jarName": "torchmaster-20.1.9.jar",
    "modId": "torchmaster",
    "version": "20.1.9"
  },
  "trading_floor-forge-1.20.1-2.0.4.jar": {
    "jarName": "trading_floor-forge-1.20.1-2.0.4.jar",
    "modId": "trading_floor",
    "version": "2.0.4"
  },
  "TradingPost-v8.0.2-1.20.1-Forge.jar": {
    "jarName": "TradingPost-v8.0.2-1.20.1-Forge.jar",
    "modId": "tradingpost",
    "version": "8.0.2"
  },
  "Translocators-1.20.1-2.6.0.86-universal.jar": {
    "jarName": "Translocators-1.20.1-2.6.0.86-universal.jar",
    "modId": "translocators",
    "version": "2.6.0.86"
  },
  "trashslot-forge-1.20-15.1.2.jar": {
    "jarName": "trashslot-forge-1.20-15.1.2.jar",
    "modId": "trashslot",
    "version": "15.1.2"
  },
  "TreeChop-1.20.1-forge-0.19.0-fixed.jar": {
    "jarName": "TreeChop-1.20.1-forge-0.19.0-fixed.jar",
    "modId": "treechop",
    "version": "0.19.0"
  },
  "Trials-2.3.3.jar": {
    "jarName": "Trials-2.3.3.jar",
    "modId": "trials",
    "version": "2.3.3"
  },
  "trofers-forge-5.0.2.jar": {
    "jarName": "trofers-forge-5.0.2.jar",
    "modId": "trofers",
    "version": "5.0.2"
  },
  "Twigs-1.20.1-3.1.0.jar": {
    "jarName": "Twigs-1.20.1-3.1.0.jar",
    "modId": "twigs",
    "version": "1.20.1-3.1.1"
  },
  "untitledduckmod-1.2.0-hotfix-forge-1.20.1.jar": {
    "jarName": "untitledduckmod-1.2.0-hotfix-forge-1.20.1.jar",
    "modId": "untitledduckmod",
    "version": "1.2.0-hotfix"
  },
  "unusualfishmod-1.1.8.jar": {
    "jarName": "unusualfishmod-1.1.8.jar",
    "modId": "unusualfishmod",
    "version": "1.1.8"
  },
  "vanillabackport-forge-1.20.1-1.1.4.3.jar": {
    "jarName": "vanillabackport-forge-1.20.1-1.1.4.3.jar",
    "modId": "vanillabackport",
    "version": "1.1.4.3"
  },
  "veggiesdelight-1.8.3.jar": {
    "jarName": "veggiesdelight-1.8.3.jar",
    "modId": "veggiesdelight",
    "version": "1.8.3"
  },
  "verdantvibes-1.0.3-1.20.1.jar": {
    "jarName": "verdantvibes-1.0.3-1.20.1.jar",
    "modId": "verdantvibes",
    "version": "1.0.3-1.20.1"
  },
  "Via_Romana-1.20.1-1.2.4.jar": {
    "jarName": "Via_Romana-1.20.1-1.2.4.jar",
    "modId": "via_romana",
    "version": "1.2.4"
  },
  "vintagedelight-0.1.5.jar": {
    "jarName": "vintagedelight-0.1.5.jar",
    "modId": "vintagedelight",
    "version": "0.1.5"
  },
  "visual_keybinder-1.20.1 - 0.1.6.jar": {
    "jarName": "visual_keybinder-1.20.1 - 0.1.6.jar",
    "modId": "visual_keybinder",
    "version": "1.20.1 - 0.1.6"
  },
  "waterframes-FORGE-mc1.20.1-v2.1.20.jar": {
    "jarName": "waterframes-FORGE-mc1.20.1-v2.1.20.jar",
    "modId": "waterframes",
    "version": "2.1.20"
  },
  "watermedia-2.1.34.jar": {
    "jarName": "watermedia-2.1.34.jar",
    "modId": "watermedia",
    "version": "2.1.34"
  },
  "watervision-FG-mc1.20.1-v0.1.0-alpha.jar": {
    "jarName": "watervision-FG-mc1.20.1-v0.1.0-alpha.jar",
    "modId": "watervision",
    "version": "0.1.0-alpha"
  },
  "watut-forge-1.20.1-1.2.3.jar": {
    "jarName": "watut-forge-1.20.1-1.2.3.jar",
    "modId": "watut",
    "version": "1.20.1-1.2.3"
  },
  "waystones-forge-1.20.1-14.1.17.jar": {
    "jarName": "waystones-forge-1.20.1-14.1.17.jar",
    "modId": "waystones",
    "version": "14.1.17"
  },
  "whimsy_deco-1.1.jar": {
    "jarName": "whimsy_deco-1.1.jar",
    "modId": "whimsy_deco",
    "version": "1.1"
  },
  "windswept-1.20.1-3.0.2.jar": {
    "jarName": "windswept-1.20.1-3.0.2.jar",
    "modId": "windswept",
    "version": "3.0.2"
  },
  "yet_another_config_lib_v3-3.6.6+1.20.1-forge.jar": {
    "jarName": "yet_another_config_lib_v3-3.6.6+1.20.1-forge.jar",
    "modId": "yet_another_config_lib_v3",
    "version": "3.6.6+1.20.1-forge"
  },
  "YungsApi-1.20-Forge-4.0.6.jar": {
    "jarName": "YungsApi-1.20-Forge-4.0.6.jar",
    "modId": "yungsapi",
    "version": "1.20-Forge-4.0.6"
  },
  "Zeta-1.0-30.jar": {
    "jarName": "Zeta-1.0-30.jar",
    "modId": "zeta",
    "version": "1.0-30"
  },
  "zetter-1.20.1-0.21.5.jar": {
    "jarName": "zetter-1.20.1-0.21.5.jar",
    "modId": "zetter",
    "version": "0.21.5"
  }
}