{
  "config_version": "1.0.17",
  "config_datetime": "2025-07-05_14-36-18",
  "general": {
    "min_structure_distance_from_world_center": 0,
    "disable_all_structures": false,
    "enable_global_spacing_and_separation_modifier": false,
    "global_spacing_and_separation_modifier": 1.0
  },
  "structures": [
    {
      "name": "minecraft:stronghold",
      "is_disabled": true,
      "enable_flatness_check": false,
      "flatness_check_distance": 0,
      "flatness_check_threshold": 10,
      "enable_biome_check": false,
      "biome_check_distance": 0,
      "biome_check_mode": "BLACKLIST",
      "biome_check_blacklisted_biomes": [
        "#is_river"
      ],
      "whitelisted_biomes": [],
      "blacklisted_biomes": []
    },
    {
      "name": "beautify:botanist_house_desert",
      "is_disabled": true,
      "enable_flatness_check": false,
      "flatness_check_distance": 80,
      "flatness_check_threshold": 10,
      "enable_biome_check": false,
      "biome_check_distance": 80,
      "biome_check_mode": "BLACKLIST",
      "biome_check_blacklisted_biomes": [
        "#is_river"
      ],
      "whitelisted_biomes": [],
      "blacklisted_biomes": []
    }
  ],
  "structure_sets": []
}