{
  "balm:jade": null,
  "botania_editor:botania_flower": null,
  "botania_editor:botania_mana": null,
  "botania_editor:botania_spreader": null,
  "botania_editor:botania_spreader_advanced": null,
  "champions:enable_affix_compact": null,
  "chunkymcchunkface:show_time": null,
  "collectorsreap:crop_progress": null,
  "corpse:corpse": null,
  "create:backtank_capacity": null,
  "create:blaze_burner": null,
  "create:contraption_inv": null,
  "create:crafting_blueprint": null,
  "create:exact_block": null,
  "create:filter": null,
  "create:goggles": null,
  "create:hide_boiler_tanks": null,
  "create:placard": null,
  "exposure:lightroom": null,
  "exposure:photograph_frame": null,
  "jade:block_face": null,
  "jade:distance": null,
  "jade:mod_name": null,
  "jade:object_name": null,
  "jade:registry_name": null,
  "jadeaddons.create:backtank_capacity": null,
  "jadeaddons.create:blaze_burner": null,
  "jadeaddons.create:contraption_inv": null,
  "jadeaddons.create:crafting_blueprint": null,
  "jadeaddons.create:exact_block": null,
  "jadeaddons.create:filter": null,
  "jadeaddons.create:goggles": null,
  "jadeaddons.create:hide_boiler_tanks": null,
  "jadeaddons.create:package": null,
  "jadeaddons.create:placard": null,
  "jadeaddons.create:table_cloth": null,
  "jadeaddons.lootr:info": null,
  "jadeaddons.lootr:inventory": null,
  "lootr:info": null,
  "lootr:inventory": null,
  "minecraft:animal_owner": null,
  "minecraft:armor_stand": null,
  "minecraft:beehive": null,
  "minecraft:block_display": null,
  "minecraft:block_states": null,
  "minecraft:brewing_stand": null,
  "minecraft:campfire": null,
  "minecraft:chicken_egg": null,
  "minecraft:chiseled_bookshelf": null,
  "minecraft:command_block": null,
  "minecraft:crop_progress": null,
  "minecraft:enchantment_power": null,
  "minecraft:energy_storage": null,
  "minecraft:entity_armor": null,
  "minecraft:entity_health": null,
  "minecraft:falling_block": null,
  "minecraft:fluid_storage": null,
  "minecraft:furnace": null,
  "minecraft:harvest_tool": null,
  "minecraft:horse_stats": null,
  "minecraft:item_ber": null,
  "minecraft:item_display": null,
  "minecraft:item_frame": null,
  "minecraft:item_storage": null,
  "minecraft:item_tooltip": null,
  "minecraft:jukebox": null,
  "minecraft:lectern": null,
  "minecraft:mob_breeding": null,
  "minecraft:mob_growth": null,
  "minecraft:mob_spawner": null,
  "minecraft:note_block": null,
  "minecraft:painting": null,
  "minecraft:player_head": null,
  "minecraft:potion_effects": null,
  "minecraft:progress": null,
  "minecraft:redstone": null,
  "minecraft:tnt_stability": null,
  "minecraft:total_enchantment_power": null,
  "minecraft:villager_profession": null,
  "minecraft:waxed": null,
  "minecraft:zombie_villager": null,
  "perfectplushies:adv_aye_aye_plushie": null,
  "perfectplushies:adv_bear_plushie": null,
  "perfectplushies:adv_brown_rabbit_plushie": null,
  "perfectplushies:adv_capybara_plushie": null,
  "perfectplushies:adv_cat_plushie": null,
  "perfectplushies:adv_doe_plushie": null,
  "perfectplushies:adv_dog_plushie": null,
  "perfectplushies:adv_dolphin_plushie": null,
  "perfectplushies:adv_duck_plushie": null,
  "perfectplushies:adv_elephant_plushie": null,
  "perfectplushies:adv_fennec_fox_plushie": null,
  "perfectplushies:adv_frog_plushie": null,
  "perfectplushies:adv_goose_plushie": null,
  "perfectplushies:adv_hedgehog_plushie": null,
  "perfectplushies:adv_hippo_plushie": null,
  "perfectplushies:adv_hummingbird_plushie": null,
  "perfectplushies:adv_koala_plushie": null,
  "perfectplushies:adv_lion_cub_plushie": null,
  "perfectplushies:adv_monkey_plushie": null,
  "perfectplushies:adv_mouse_plushie": null,
  "perfectplushies:adv_panda_plushie": null,
  "perfectplushies:adv_quokka_plushie": null,
  "perfectplushies:adv_raccoon_plushie": null,
  "perfectplushies:adv_red_fox_plushie": null,
  "perfectplushies:adv_red_panda_plushie": null,
  "perfectplushies:adv_red_ruffed_lemur_plushie": null,
  "perfectplushies:adv_reindeer_plushie": null,
  "perfectplushies:adv_robin_plushie": null,
  "perfectplushies:adv_rubber_duck_plushie": null,
  "perfectplushies:adv_seal_plushie": null,
  "perfectplushies:adv_snow_fox_plushie": null,
  "perfectplushies:adv_turtle_plushie": null,
  "perfectplushies:adv_white_rabbit_plushie": null,
  "pipez:pipe": null,
  "quality_food:quality": null,
  "society:artisan_machine_jade": null,
  "society:fish_pond_jade": null,
  "society:plushie_jade": null,
  "splendid_slimes:splendid_slime": null,
  "strawgolem:strawgolem": null,
  "supplementaries:hat_stand": null,
  "supplementaries:present": null,
  "supplementaries:safe": null,
  "tanukidecor:adv_developer_mini_figure": null,
  "tanukidecor:adv_mayoral_mini_figure": null,
  "treechop:plugin": null,
  "ultramarine:bottle_gourd": null,
  "ultramarine:brick_kiln": null,
  "ultramarine:censer_burn_time": null,
  "ultramarine:mallet_toggleable": null,
  "untitledduckmod:lay_egg": null,
  "waystones:waystone": null
}