[
  {
    "mob": ["minecraft:drowned"],
    "dimension": "minecraft:overworld",
    "minheight": 30,
    "result": "deny"
  },
  {
    "mob": [
      "minecraft:zombie",
      "minecraft:skeleton",
      "minecraft:enderman",
      "minecraft:spider",
      "minecraft:creeper",
      "minecraft:witch",
      "minecraft:zombie_villager",
      "minecraft:husk",
      "minecraft:stray",
      "minecraft:slime",
      "trials:bogged",
      "minecraft:skeleton_horse",
      "species:limpet",
      "windswept:chilled"
    ],
    "dimension": "minecraft:overworld",
    "minheight": 50,
    "result": "deny"
  },
  {
    "dimension": "minecraft:overworld",
    "mob": ["minecraft:zombie"],
    "winter": true,
    "result": "allow",
    "maxheight": 50,
    "speedmultiply": 1.2,
    "random": 0.4,
    "armorhelmet": ["simplehats:santaclaus", "simplehats:frozenhead", "minecraft:ice"],
    "helditem": [
      "2=simplehats:hatscraps_festive",
      "1=simplehats:hatbag_festive",
      "3=society:frozen_geode",
      "4=society:frozen_tear",
      "1=pamhc2trees:cinnamon_sapling",
      "1=snowyspirit:candy_cane"
    ]
  },
  {
    "dimension": "minecraft:overworld",
    "mob": ["minecraft:zombie"],
    "result": "allow",
    "maxheight": 50,
    "autumn": true,
    "speedmultiply": 0.6,
    "random": 0.6,
    "armorhelmet": [
      "simplehats:jackohat",
      "minecraft:pumpkin",
      "autumnity:redstone_jack_o_lantern",
      "minecraft:carved_pumpkin",
      "autumnity:soul_jack_o_lantern",
      "simplehats:spiderweb",
      "simplehats:hockeymask",
      "simplehats:ghostmask"
    ],
    "helditem": [
      "1=simplehats:hatscraps_halloween",
      "1=simplehats:hatbag_halloween",
      "3=farmersdelight:iron_knife",
      "3=vinery:basket",
      "4=minecraft:apple",
      "1=pamhc2trees:cinnamon_sapling",
      "4=supplementaries:candy"
    ]
  },
  {
    "mob": ["minecraft:drowned"],
    "dimension": "minecraft:overworld",
    "maxheight": 30,
    "result": "allow"
  },
  {
    "mob": [
      "minecraft:zombie",
      "minecraft:skeleton",
      "minecraft:enderman",
      "minecraft:spider",
      "minecraft:creeper",
      "minecraft:witch",
      "minecraft:drowned",
      "minecraft:slime",
      "minecraft:zombie_villager",
      "minecraft:husk",
      "minecraft:stray",
      "trials:bogged"
    ],
    "dimension": "minecraft:overworld",
    "maxheight": 50,
    "result": "allow"
  },
  {
    "mob": ["crittersandcompanions:dragonfly", "crittersandcompanions:jumping_spider"],
    "result": "deny"
  },
  {
    "mod": "legendarycreatures",
    "dimension": "minecraft:overworld",
    "result": "deny"
  },
  {
    "mod": "rottencreatures",
    "dimension": "minecraft:overworld",
    "result": "deny"
  },
  {
    "mob": "quark:toretoise",
    "dimension": "society:skull_cavern",
    "result": "deny"
  },
  {
    "mob": "unusualfishmod:ripper",
    "result": "deny"
  },
  {
    "mob": "crabbersdelight:crab",
    "mincount": 3,
    "result": "deny"
  },
  {
    "mob": "autumnity:turkey",
    "mincount": 3,
    "result": "deny"
  },
  {
    "mob": "wildernature:flamingo",
    "biome": "minecraft:beach",
    "result": "deny"
  },
  {
    "mob": "wildernature:flamingo",
    "mincount": 1,
    "result": "deny"
  },
  {
    "mob": "crittersandcompanions:leaf_insect",
    "mincount": 1,
    "result": "deny"
  },
  {
    "mob": "balloonbox:balloonbox",
    "mincount": {
      "amount": 1,
      "perplayer": false,
      "mob": "balloonbox:balloonbox"
    },
    "result": "deny"
  },
  {
    "dimension": "society:skull_cavern",
    "maxheight": 142,
    "healthmultiply": 2.5,
    "damagemultiply": 2
  },
  {
    "dimension": "society:skull_cavern",
    "maxheight": 282,
    "healthmultiply": 2,
    "damagemultiply": 1.5
  },
  {
    "dimension": "society:skull_cavern",
    "maxheight": 425,
    "healthmultiply": 1.5,
    "damagemultiply": 1.3
  },
  {
    "dimension": "society:skull_cavern",
    "maxheight": 511,
    "healthmultiply": 1.2,
    "damagemultiply": 1.2
  },
  {
    "mob": "legendarycreatures:corpse_eater",
    "dimension": "society:skull_cavern",
    "structure": [
      "hopo:mineshaft/acacia_mineshaft",
      "hopo:mineshaft/bamboo_mineshaft",
      "hopo:mineshaft/birch_mineshaft",
      "hopo:mineshaft/cherry_mineshaft",
      "hopo:mineshaft/dark_oak_mineshaft",
      "hopo:mineshaft/deepslate_mineshaft",
      "hopo:mineshaft/jungle_mineshaft",
      "hopo:mineshaft/mangrove_mineshaft",
      "hopo:mineshaft/mud_mineshaft",
      "hopo:mineshaft/oak_mineshaft",
      "hopo:mineshaft/spruce_mineshaft",
      "hopo:mineshaft/stone_mineshaft"
    ],
    "healthmultiply": 7,
    "damagemultiply": 3,
    "armoradd": 5,
    "speedmultiply": 0.4,
    "when": "onjoin",
    "result": "default"
  },
  {
    "mob": "legendarycreatures:corpse_eater",
    "dimension": "society:skull_cavern",
    "when": "onjoin",
    "result": "deny"
  },
  {
    "mob": "meadow:wooly_cow",
    "dimension": "minecraft:overworld",
    "when": "onjoin",
    "result": "default"
  },
  {
    "mob": "meadow:wooly_cow",
    "dimension": "minecraft:the_nether",
    "biome": "minecraft:warped_forest",
    "when": "onjoin",
    "result": "default"
  },
  {
    "mob": "meadow:wooly_cow",
    "dimension": "society:the_nether",
    "when": "onjoin",
    "result": "deny"
  },
  {
    "mob": "splendid_slimes:splendid_slime",
    "dimension": "minecraft:the_nether",
    "block": "minecraft:nether_bricks",
    "structure": "minecraft:fortress",
    "when": "finalize",
    "nbt": {
      "Breed": "splendid_slimes:blazing",
      "Happiness": 500,
      "Size": 1
    }
  },
  {
    "mob": "splendid_slimes:splendid_slime",
    "dimension": "minecraft:the_nether",
    "biome": "minecraft:soul_sand_valley",
    "block": "tag:minecraft:soul_fire_base_blocks",
    "when": "finalize",
    "nbt": {
      "Breed": "splendid_slimes:bony",
      "Happiness": 500,
      "Size": 1
    }
  },
  {
    "mob": "splendid_slimes:splendid_slime",
    "dimension": "minecraft:the_nether",
    "when": "finalize",
    "nbt": {
      "Breed": "splendid_slimes:weeping",
      "Happiness": 500,
      "Size": 1
    }
  },
  {
    "mob": "legendarycreatures:corpse_eater",
    "dimension": "society:skull_cavern",
    "when": "onjoin",
    "result": "deny"
  },
  {
    "mob": "splendid_slimes:splendid_slime",
    "dimension": "society:skull_cavern",
    "structure": [
      "hopo:mineshaft/acacia_mineshaft",
      "hopo:mineshaft/bamboo_mineshaft",
      "hopo:mineshaft/birch_mineshaft",
      "hopo:mineshaft/cherry_mineshaft",
      "hopo:mineshaft/dark_oak_mineshaft",
      "hopo:mineshaft/deepslate_mineshaft",
      "hopo:mineshaft/jungle_mineshaft",
      "hopo:mineshaft/mangrove_mineshaft",
      "hopo:mineshaft/mud_mineshaft",
      "hopo:mineshaft/oak_mineshaft",
      "hopo:mineshaft/spruce_mineshaft",
      "hopo:mineshaft/stone_mineshaft"
    ],
    "when": "finalize",
    "nbt": {
      "Breed": "splendid_slimes:webby",
      "Happiness": 500,
      "Size": 1
    }
  },
  {
    "mob": "splendid_slimes:splendid_slime",
    "dimension": "society:skull_cavern",
    "biome": "society:skull_caves",
    "when": "finalize",
    "nbt": {
      "Breed": "splendid_slimes:boomcat",
      "Happiness": 500,
      "Size": 1
    }
  },
  {
    "mob": "splendid_slimes:splendid_slime",
    "dimension": "society:skull_cavern",
    "biome": "society:lush_caverns",
    "when": "finalize",
    "nbt": {
      "Breed": "splendid_slimes:juicy",
      "Happiness": 500,
      "Size": 1
    }
  },
  {
    "mob": "splendid_slimes:splendid_slime",
    "dimension": "society:skull_cavern",
    "biome": "society:frozen_caves",
    "when": "finalize",
    "nbt": {
      "Breed": "splendid_slimes:rotting",
      "Happiness": 500,
      "Size": 1
    }
  },
  {
    "mob": "splendid_slimes:splendid_slime",
    "dimension": "society:skull_cavern",
    "biome": "society:frozen_maelstrom",
    "when": "finalize",
    "nbt": {
      "Breed": "splendid_slimes:bitwise",
      "Happiness": 500,
      "Size": 1
    }
  },
  {
    "mob": "splendid_slimes:splendid_slime",
    "dimension": "society:skull_cavern",
    "biome": ["society:desert_caves", "society:desert_fault"],
    "when": "finalize",
    "nbt": {
      "Breed": "splendid_slimes:dusty",
      "Happiness": 500,
      "Size": 1
    }
  },
  {
    "mob": "splendid_slimes:splendid_slime",
    "dimension": "society:skull_cavern",
    "biome": "society:blackstone_caves",
    "when": "finalize",
    "nbt": {
      "Breed": "splendid_slimes:blazing",
      "Happiness": 500,
      "Size": 1
    }
  },
  {
    "mob": "splendid_slimes:splendid_slime",
    "dimension": "society:skull_cavern",
    "biome": "society:umbra_barrens",
    "when": "finalize",
    "nbt": {
      "Breed": "splendid_slimes:phantom",
      "Happiness": 500,
      "Size": 1
    }
  },
  {
    "mob": "splendid_slimes:splendid_slime",
    "dimension": "society:skull_cavern",
    "when": "finalize",
    "nbt": {
      "Breed": "splendid_slimes:bitwise",
      "Happiness": 500,
      "Size": 1
    }
  }
]
