{
  "filters": [
    {
      "category": "waystones:warp_plate"
    },
    {
      "category": "farm_and_charm:cooking_pot"
    },
    {
      "category": "meadow:woodcutting"
    },
    {
      "category": "ali:hero_loot"
    },
    {
      "category": "ali:fishing_loot"
    },
    {
      "category": "ali:trade_loot"
    },
    {
      "category": "farmingforblockheads:market"
    },
    {
      "category": "trading_floor:potential_villager_trade"
    },
    {
      "category": "tanukidecor:diy"
    }
  ]
}
