{
	"version": 100,
	"tooltipStyle": {
		"sprite": "jade_stardew:stardew_valley",
		"withIconSprite": "jade_stardew:stardew_valley",
		"padding": [
			6,
			7,
			6,
			6
		],
		"boxProgressOffset": [
			-1,
			-2,
			-1,
			2
		],
		"boxProgressColors": {
			"normal": "#FFFFFF",
			"failure": "#FF4444"
		}
	},
	"nestedBoxStyle": {
		"borderColor": [
			"#913E00",
			"#913E00",
			"#913E00",
			"#913E00"
		],
		"borderWidth": 1
	},
	"viewGroupStyle": {
		"backgroundColor": "#913E0033",
		"borderColor": [
			"#913E0033",
			"#913E0033",
			"#913E0033",
			"#913E0033"
		],
		"borderWidth": 0.75
	},
	"text": {
		"colors": {
			"title": "#000000",
			"normal": "#444444",
			"info": "#000000",
			"success": "#198754",
			"warning": "#9C5C03",
			"danger": "#DC3545",
			"failure": "#AB296A"
		},
		"shadow": true,
		"modNameStyle": {
			"italic": false
		}
	},
	"changeOpacity": 1,
	"changeRoundCorner": false,
	"autoEnable": true,
	"lightColorScheme": true,
	"iconSlotSprite": "jade_stardew:stardew_valley",
	"iconSlotInflation": -2
}
