{
  "block_names": {},
  "block_tags": {},
  "entity_names": {
    "default": {
      "chance": 0.005
    }
  },
  "entity_type_tags": {},
  "black_list": {
    "block_names": [],
    "block_tags": [],
    "entity_names": [
      "minecraft:bee",
      "minecraft:cow",
      "minecraft:chicken",
      "minecraft:cod",
      "minecraft:donkey",
      "minecraft:fox",
      "minecraft:horse",
      "minecraft:mooshroom",
      "minecraft:mule",
      "minecraft:ocelot",
      "minecraft:panda",
      "minecraft:parrot",
      "minecraft:polar_bear",
      "minecraft:pufferfish",
      "minecraft:rabbit",
      "minecraft:salmon",
      "minecraft:sheep",
      "minecraft:skeleton_horse",
      "minecraft:snow_golem",
      "minecraft:squid",
      "minecraft:strider",
      "minecraft:tropical_fish",
      "minecraft:turtle",
      "minecraft:trader_llama",
      "minecraft:villager",
      "minecraft:wandering_trader",
      "minecraft:axolotl",
      "minecraft:camel",
      "legendarycreatures:corpse_eater"
    ],
    "entity_type_tags": []
  }
}