{
  "profession": "beachparty:barkeeper",
  "removeOtherTrades": true,
  "maxTrades": 16,
  "trades": [
    {
      "offer": {
        "itemKey": "society:large_milk",
        "amount": 1,
        "priceModifier": 0
      },
      "request": {
        "itemKey": "numismatics:crown",
        "amount": 1,
        "priceModifier": 0
      },
      "tradeExp": 1,
      "maxUses": 8,
      "priceMultiplier": 0.0,
      "demand": 0,
      "tradeLevel": 1,
      "UTID": "beachparty:barkeeper_milk_for_crown"
    },
    {
      "offer": {
        "itemKey": "bakery:crusty_bread",
        "amount": 1,
        "priceModifier": 0
      },
      "request": {
        "itemKey": "numismatics:cog",
        "amount": 1,
        "priceModifier": 0
      },
      "tradeExp": 1,
      "maxUses": 8,
      "priceMultiplier": 0.0,
      "demand": 0,
      "tradeLevel": 1,
      "UTID": "beachparty:barkeeper_crusty_bread_for_cog"
    },
    {
      "offer": {
        "itemKey": "farm_and_charm:farmer_salad",
        "amount": 1,
        "priceModifier": 0
      },
      "request": {
        "itemKey": "numismatics:cog",
        "amount": 4,
        "priceModifier": 0
      },
      "tradeExp": 1,
      "maxUses": 8,
      "priceMultiplier": 0.0,
      "demand": 0,
      "tradeLevel": 1,
      "UTID": "beachparty:barkeeper_farmer_salad_for_cog"
    },
    {
      "offer": {
        "itemKey": "brewery:mashed_potatoes",
        "amount": 1,
        "priceModifier": 0
      },
      "request": {
        "itemKey": "numismatics:cog",
        "amount": 1,
        "priceModifier": 0
      },
      "tradeExp": 1,
      "maxUses": 8,
      "priceMultiplier": 0.0,
      "demand": 0,
      "tradeLevel": 1,
      "UTID": "beachparty:barkeeper_potato_salad_for_cog"
    },
    {
      "offer": {
        "itemKey": "bakery:sandwich",
        "amount": 1,
        "priceModifier": 0
      },
      "request": {
        "itemKey": "numismatics:cog",
        "amount": 4,
        "priceModifier": 0
      },
      "tradeExp": 1,
      "maxUses": 8,
      "priceMultiplier": 0.0,
      "demand": 0,
      "tradeLevel": 1,
      "UTID": "beachparty:barkeeper_sandwich_for_cog"
    },
    {
      "offer": {
        "itemKey": "herbalbrews:coffee",
        "amount": 1,
        "priceModifier": 0
      },
      "request": {
        "itemKey": "numismatics:cog",
        "amount": 2,
        "priceModifier": 0
      },
      "tradeExp": 1,
      "maxUses": 8,
      "priceMultiplier": 0.0,
      "demand": 0,
      "tradeLevel": 1,
      "UTID": "beachparty:barkeeper_coffee_for_sprocket"
    },
    {
      "offer": {
        "itemKey": "brewery:beer_hops",
        "amount": 1,
        "priceModifier": 0
      },
      "request": {
        "itemKey": "numismatics:cog",
        "amount": 4,
        "priceModifier": 0
      },
      "tradeExp": 1,
      "maxUses": 8,
      "priceMultiplier": 0.0,
      "demand": 0,
      "tradeLevel": 1,
      "UTID": "beachparty:barkeeper_beer_hops_for_cog"
    },
    {
      "offer": {
        "itemKey": "refurbished_furniture:vegetable_pizza_slice",
        "amount": 1,
        "priceModifier": 0
      },
      "request": {
        "itemKey": "numismatics:crown",
        "amount": 1,
        "priceModifier": 0
      },
      "tradeExp": 1,
      "maxUses": 8,
      "priceMultiplier": 0.0,
      "demand": 0,
      "tradeLevel": 1,
      "UTID": "beachparty:barkeeper_cheese_pizza_slice_for_crown"
    },
    {
      "offer": {
        "itemKey": "society:magic_rock_candy",
        "amount": 1,
        "priceModifier": 0
      },
      "request": {
        "itemKey": "society:prismatic_shard",
        "amount": 3,
        "priceModifier": 0
      },
      "tradeExp": 1,
      "maxUses": 8,
      "priceMultiplier": 0.0,
      "demand": 0,
      "tradeLevel": 1,
      "UTID": "beachparty:barkeeper_magic_rock_candy_for_prismatic_shard"
    },
    
    {
      "offer": {
        "itemKey": "solonion:lunchbag",
        "amount": 1,
        "priceModifier": 0
      },
      "request": {
        "itemKey": "numismatics:cog",
        "amount": 4,
        "priceModifier": 0
      },
      "tradeExp": 1,
      "maxUses": 64,
      "priceMultiplier": 0.0,
      "demand": 0,
      "tradeLevel": 1,
      "UTID": "beachparty:barkeeper_lunchbag_for_cog"
    },
    {
      "offer": {
        "itemKey": "solonion:lunchbox",
        "amount": 1,
        "priceModifier": 0
      },
      "request": {
        "itemKey": "numismatics:sun",
        "amount": 4,
        "priceModifier": 0
      },
      "tradeExp": 1,
      "maxUses": 64,
      "priceMultiplier": 0.0,
      "demand": 0,
      "tradeLevel": 1,
      "UTID": "beachparty:barkeeper_lunchbox_for_sun"
    },
    {
      "offer": {
        "itemKey": "solonion:golden_lunchbox",
        "amount": 1,
        "priceModifier": 0
      },
      "request": {
        "itemKey": "numismatics:sun",
        "amount": 16,
        "priceModifier": 0
      },
      "tradeExp": 1,
      "maxUses": 64,
      "priceMultiplier": 0.0,
      "demand": 0,
      "tradeLevel": 1,
      "UTID": "beachparty:barkeeper_golden_lunchbox_for_sun"
    },
    {
      "offer": {
        "itemKey": "sophisticatedstorage:feeding_upgrade",
        "amount": 1,
        "priceModifier": 0
      },
      "request": {
        "itemKey": "numismatics:sun",
        "amount": 4,
        "priceModifier": 0
      },
      "tradeExp": 1,
      "maxUses": 64,
      "priceMultiplier": 0.0,
      "demand": 0,
      "tradeLevel": 1,
      "UTID": "beachparty:barkeeper_feeding_upgrade_for_sun"
    },
    {
      "offer": {
        "itemKey": "sophisticatedbackpacks:feeding_upgrade",
        "amount": 1,
        "priceModifier": 0
      },
      "request": {
        "itemKey": "numismatics:prismatic_coin",
        "amount": 8,
        "priceModifier": 0
      },
      "tradeExp": 1,
      "maxUses": 64,
      "priceMultiplier": 0.0,
      "demand": 0,
      "tradeLevel": 1,
      "UTID": "beachparty:barkeeper_feeding_upgrade_for_prismatic_coin"
    }
  ]
}