{
  "profession": "beautify:botanist",
  "removeOtherTrades": true,
  "maxTrades": 41,
  "trades": [
    {
      "offer": {
        "itemKey": "numismatics:prismatic_coin",
        "amount": 1,
        "priceModifier": 0
      },
      "request": {
        "itemKey": "numismatics:ancient_coin",
        "amount": 64,
        "priceModifier": 0
      },
      "tradeExp": 0,
      "maxUses": 64,
      "priceMultiplier": 0.0,
      "demand": 0,
      "tradeLevel": 1,
      "UTID": "beautify:cartographer_prismatic_coin_for_ancient_coin"
    },
    {
      "offer": {
        "itemKey": "botania:apothecary_default",
        "amount": 1,
        "priceModifier": 0
      },
      "request": {
        "itemKey": "numismatics:sun",
        "amount": 48,
        "priceModifier": 0
      },
      "additionalRequest": {
        "itemKey": "society:prismatic_shard",
        "amount": 1,
        "priceModifier": 0
      },
      "tradeExp": 1,
      "maxUses": 64,
      "priceMultiplier": 0.0,
      "demand": 0,
      "tradeLevel": 1,
      "UTID": "beautify:botanist_apothecary_default_for_sun"
    },
    {
      "offer": {
        "itemKey": "society:kinetic_blueprint",
        "amount": 1,
        "priceModifier": 0
      },
      "request": {
        "itemKey": "numismatics:sun",
        "amount": 32,
        "priceModifier": 0
      },
      "additionalRequest": {
        "itemKey": "minecraft:nether_star",
        "amount": 1,
        "priceModifier": 0
      },
      "tradeExp": 1,
      "maxUses": 64,
      "priceMultiplier": 0.0,
      "demand": 0,
      "tradeLevel": 1,
      "UTID": "beautify:botanist_t_for_sun"
    },
    {
      "offer": {
        "itemKey": "botania:overgrowth_seed",
        "amount": 1,
        "priceModifier": 0
      },
      "request": {
        "itemKey": "numismatics:ancient_coin",
        "amount": 1,
        "priceModifier": 0
      },
      "tradeExp": 1,
      "maxUses": 64,
      "priceMultiplier": 0.0,
      "demand": 0,
      "tradeLevel": 1,
      "UTID": "beautify:botanist_overgrowth_seed_for_ancient_coin"
    },
    {
      "offer": {
        "itemKey": "society:tanuki_catalog",
        "amount": 1,
        "priceModifier": 0
      },
      "request": {
        "itemKey": "numismatics:sun",
        "amount": 24,
        "priceModifier": 0
      },
      "tradeExp": 1,
      "maxUses": 64,
      "priceMultiplier": 0.0,
      "demand": 0,
      "tradeLevel": 1,
      "UTID": "beautify:botanist_tanuki_catalog_for_sun"
    },
    {
      "offer": {
        "itemKey": "society:modern_catalog",
        "amount": 1,
        "priceModifier": 0
      },
      "request": {
        "itemKey": "numismatics:ancient_coin",
        "amount": 3,
        "priceModifier": 0
      },
      "tradeExp": 1,
      "maxUses": 64,
      "priceMultiplier": 0.0,
      "demand": 0,
      "tradeLevel": 1,
      "UTID": "beautify:botanist_modern_catalog_for_ancient_coin"
    },
    {
      "offer": {
        "itemKey": "society:fantasy_catalog",
        "amount": 1,
        "priceModifier": 0
      },
      "request": {
        "itemKey": "numismatics:ancient_coin",
        "amount": 4,
        "priceModifier": 0
      },
      "tradeExp": 1,
      "maxUses": 64,
      "priceMultiplier": 0.0,
      "demand": 0,
      "tradeLevel": 1,
      "UTID": "beautify:botanist_fantasy_catalog_for_ancient_coin"
    },
    {
      "offer": {
        "itemKey": "waystones:red_sharestone",
        "amount": 1,
        "priceModifier": 0
      },
      "request": {
        "itemKey": "numismatics:ancient_coin",
        "amount": 8,
        "priceModifier": 0
      },
      "tradeExp": 1,
      "maxUses": 64,
      "priceMultiplier": 0.0,
      "demand": 0,
      "tradeLevel": 1,
      "UTID": "beautify:botanist_red_sharestone_for_ancient_coin"
    },
    {
      "offer": {
        "itemKey": "waystones:blue_sharestone",
        "amount": 1,
        "priceModifier": 0
      },
      "request": {
        "itemKey": "numismatics:ancient_coin",
        "amount": 8,
        "priceModifier": 0
      },
      "tradeExp": 1,
      "maxUses": 64,
      "priceMultiplier": 0.0,
      "demand": 0,
      "tradeLevel": 1,
      "UTID": "beautify:botanist_blue_sharestone_for_ancient_coin"
    },
    {
      "offer": {
        "itemKey": "waystones:green_sharestone",
        "amount": 1,
        "priceModifier": 0
      },
      "request": {
        "itemKey": "numismatics:ancient_coin",
        "amount": 8,
        "priceModifier": 0
      },
      "tradeExp": 1,
      "maxUses": 64,
      "priceMultiplier": 0.0,
      "demand": 0,
      "tradeLevel": 1,
      "UTID": "beautify:botanist_green_sharestone_for_ancient_coin"
    },
    {
      "offer": {
        "itemKey": "waystones:purple_sharestone",
        "amount": 1,
        "priceModifier": 0
      },
      "request": {
        "itemKey": "numismatics:ancient_coin",
        "amount": 8,
        "priceModifier": 0
      },
      "tradeExp": 1,
      "maxUses": 64,
      "priceMultiplier": 0.0,
      "demand": 0,
      "tradeLevel": 1,
      "UTID": "beautify:botanist_purple_sharestone_for_ancient_coin"
    },
    {
      "offer": {
        "itemKey": "waystones:warp_stone",
        "amount": 1,
        "priceModifier": 0
      },
      "request": {
        "itemKey": "numismatics:ancient_coin",
        "amount": 20,
        "priceModifier": 0
      },
      "tradeExp": 1,
      "maxUses": 64,
      "priceMultiplier": 0.0,
      "demand": 0,
      "tradeLevel": 1,
      "UTID": "beautify:botanist_warp_stone_for_ancient_coin"
    },
    {
      "offer": {
        "itemKey": "waystones:warp_scroll",
        "amount": 1,
        "priceModifier": 0
      },
      "request": {
        "itemKey": "numismatics:sun",
        "amount": 8,
        "priceModifier": 0
      },
      "tradeExp": 1,
      "maxUses": 64,
      "priceMultiplier": 0.0,
      "demand": 0,
      "tradeLevel": 1,
      "UTID": "beautify:botanist_bound_scroll_for_sun"
    },
    {
      "offer": {
        "itemKey": "whimsy_deco:statue_endless_fortune",
        "amount": 1,
        "priceModifier": 0
      },
      "request": {
        "itemKey": "numismatics:ancient_coin",
        "amount": 32,
        "priceModifier": 0
      },
      "tradeExp": 1,
      "maxUses": 64,
      "priceMultiplier": 0.0,
      "demand": 0,
      "tradeLevel": 1,
      "UTID": "beautify:botanist_statue_endless_fortune_for_ancient_coin"
    },
    {
      "offer": {
        "itemKey": "society:golden_clock",
        "amount": 1,
        "priceModifier": 0
      },
      "request": {
        "itemKey": "numismatics:prismatic_coin",
        "amount": 1,
        "priceModifier": 0
      },
      "tradeExp": 1,
      "maxUses": 64,
      "priceMultiplier": 0.0,
      "demand": 0,
      "tradeLevel": 1,
      "UTID": "beautify:botanist_golden_clock_for_prismatic_coin"
    },
    {
      "offer": {
        "itemKey": "tanukidecor:diy_workbench",
        "amount": 1,
        "priceModifier": 0
      },
      "request": {
        "itemKey": "numismatics:prismatic_coin",
        "amount": 4,
        "priceModifier": 0
      },
      "tradeExp": 1,
      "maxUses": 64,
      "priceMultiplier": 0.0,
      "demand": 0,
      "tradeLevel": 1,
      "UTID": "beautify:botanist_diy_workbench_for_prismatic_coin"
    },
    {
      "offer": {
        "itemKey": "farm_and_charm:scarecrow",
        "amount": 1,
        "priceModifier": 0
      },
      "request": {
        "itemKey": "numismatics:prismatic_coin",
        "amount": 16,
        "priceModifier": 0
      },
      "tradeExp": 1,
      "maxUses": 64,
      "priceMultiplier": 0.0,
      "demand": 0,
      "tradeLevel": 1,
      "UTID": "beautify:botanist_scarecrow_for_prismatic_coin"
    }
  ]
}
