{
  "profession": "minecraft:cartographer",
  "removeOtherTrades": true,
  "maxTrades": 40,
  "trades": [
    {
      "offer": {
        "itemKey": "numismatics:prismatic_coin",
        "amount": 1,
        "priceModifier": 0
      },
      "request": {
        "itemKey": "numismatics:ancient_coin",
        "amount": 64,
        "priceModifier": 0
      },
      "tradeExp": 0,
      "maxUses": 64,
      "priceMultiplier": 0.0,
      "demand": 0,
      "tradeLevel": 1,
      "UTID": "beautify:cartographer_prismatic_coin_for_ancient_coin"
    },
    {
      "offer": {
        "itemKey": "society:pig_race_ticket",
        "amount": 1,
        "priceModifier": 0
      },
      "request": {
        "itemKey": "numismatics:crown",
        "amount": 1,
        "priceModifier": 0
      },
      "tradeExp": 1,
      "maxUses": 64,
      "priceMultiplier": 0.0,
      "demand": 0,
      "tradeLevel": 1,
      "UTID": "minecraft:cartographer_pig_race_ticket_for_crown"
    },
    {
      "offer": {
        "itemKey": "society:multiplayer_pig_race_ticket",
        "amount": 1,
        "priceModifier": 0
      },
      "request": {
        "itemKey": "numismatics:crown",
        "amount": 2,
        "priceModifier": 0
      },
      "tradeExp": 1,
      "maxUses": 64,
      "priceMultiplier": 0.0,
      "demand": 0,
      "tradeLevel": 1,
      "UTID": "minecraft:cartographer_multiplayer_pig_race_ticket_ticket_for_crown"
    },
    {
      "offer": {
        "itemKey": "numismatics:bank_terminal",
        "amount": 1,
        "priceModifier": 0
      },
      "request": {
        "itemKey": "numismatics:cog",
        "amount": 2,
        "priceModifier": 0
      },
      "tradeExp": 1,
      "maxUses": 64,
      "priceMultiplier": 0.0,
      "demand": 0,
      "tradeLevel": 1,
      "UTID": "minecraft:cartographer_bank_terminal_for_cog"
    },
    {
      "offer": {
        "itemKey": "numismatics_utils:portable_bank_terminal",
        "amount": 1,
        "priceModifier": 0
      },
      "request": {
        "itemKey": "numismatics:sun",
        "amount": 1,
        "priceModifier": 0
      },
      "tradeExp": 1,
      "maxUses": 64,
      "priceMultiplier": 0.0,
      "demand": 0,
      "tradeLevel": 1,
      "UTID": "minecraft:cartographer_portable_bank_terminal_for_cog"
    },
    {
      "offer": {
        "itemKey": "numismatics_utils:bank_meter",
        "amount": 1,
        "priceModifier": 0
      },
      "request": {
        "itemKey": "numismatics:cog",
        "amount": 1,
        "priceModifier": 0
      },
      "tradeExp": 1,
      "maxUses": 64,
      "priceMultiplier": 0.0,
      "demand": 0,
      "tradeLevel": 1,
      "UTID": "minecraft:cartographer_bank_meter_for_cog"
    },
    {
      "offer": {
        "itemKey": "society:shipping_bin_monitor",
        "amount": 1,
        "priceModifier": 0
      },
      "request": {
        "itemKey": "numismatics:cog",
        "amount": 1,
        "priceModifier": 0
      },
      "tradeExp": 1,
      "maxUses": 64,
      "priceMultiplier": 0.0,
      "demand": 0,
      "tradeLevel": 1,
      "UTID": "minecraft:cartographer_shipping_bin_monitor_for_cog"
    },
    {
      "offer": {
        "itemKey": "numismatics:vendor",
        "amount": 1,
        "priceModifier": 0
      },
      "request": {
        "itemKey": "numismatics:sprocket",
        "amount": 2,
        "priceModifier": 0
      },
      "tradeExp": 1,
      "maxUses": 64,
      "priceMultiplier": 0.0,
      "demand": 0,
      "tradeLevel": 1,
      "UTID": "minecraft:cartographer_vendor_for_sprocket"
    },
    {
      "offer": {
        "itemKey": "numismatics:white_card",
        "amount": 1,
        "priceModifier": 0
      },
      "request": {
        "itemKey": "numismatics:sprocket",
        "amount": 1,
        "priceModifier": 0
      },
      "tradeExp": 1,
      "maxUses": 64,
      "priceMultiplier": 0.0,
      "demand": 0,
      "tradeLevel": 1,
      "UTID": "minecraft:cartographer_white_card_for_sprocket"
    },
    {
      "offer": {
        "itemKey": "numismatics:andesite_depositor",
        "amount": 1,
        "priceModifier": 0
      },
      "request": {
        "itemKey": "numismatics:sprocket",
        "amount": 3,
        "priceModifier": 0
      },
      "tradeExp": 1,
      "maxUses": 64,
      "priceMultiplier": 0.0,
      "demand": 0,
      "tradeLevel": 1,
      "UTID": "minecraft:cartographer_andesite_depositor_for_sprocket"
    },
    {
      "offer": {
        "itemKey": "numismatics:brass_depositor",
        "amount": 1,
        "priceModifier": 0
      },
      "request": {
        "itemKey": "numismatics:cog",
        "amount": 2,
        "priceModifier": 0
      },
      "tradeExp": 1,
      "maxUses": 64,
      "priceMultiplier": 0.0,
      "demand": 0,
      "tradeLevel": 1,
      "UTID": "minecraft:cartographer_brass_depositor_for_cog"
    },
    {
      "offer": {
        "itemKey": "numismatics:white_id_card",
        "amount": 1,
        "priceModifier": 0
      },
      "request": {
        "itemKey": "numismatics:sprocket",
        "amount": 1,
        "priceModifier": 0
      },
      "tradeExp": 1,
      "maxUses": 64,
      "priceMultiplier": 0.0,
      "demand": 0,
      "tradeLevel": 1,
      "UTID": "minecraft:cartographer_white_id_card_for_sprocket"
    },
    {
      "offer": {
        "itemKey": "numismatics:blaze_banker",
        "amount": 1,
        "priceModifier": 0
      },
      "request": {
        "itemKey": "numismatics:crown",
        "amount": 1,
        "priceModifier": 0
      },
      "tradeExp": 1,
      "maxUses": 64,
      "priceMultiplier": 0.0,
      "demand": 0,
      "tradeLevel": 1,
      "UTID": "minecraft:cartographer_blaze_banker_for_crown"
    },
    {
      "offer": {
        "itemKey": "tradingpost:trading_post",
        "amount": 1,
        "priceModifier": 0
      },
      "request": {
        "itemKey": "numismatics:sun",
        "amount": 10,
        "priceModifier": 0
      },
      "tradeExp": 1,
      "maxUses": 64,
      "priceMultiplier": 0.0,
      "demand": 0,
      "tradeLevel": 1,
      "UTID": "minecraft:cartographer_trading_post_for_sun"
    },
    {
      "offer": {
        "itemKey": "trading_floor:trading_depot",
        "amount": 1,
        "priceModifier": 0
      },
      "request": {
        "itemKey": "numismatics:sun",
        "amount": 4,
        "priceModifier": 0
      },
      "tradeExp": 1,
      "maxUses": 64,
      "priceMultiplier": 0.0,
      "demand": 0,
      "tradeLevel": 1,
      "UTID": "minecraft:cartographer_trading_depot_for_sun"
    },
    {
      "offer": {
        "itemKey": "society:coin_leaderboard",
        "amount": 1,
        "priceModifier": 0
      },
      "request": {
        "itemKey": "numismatics:cog",
        "amount": 4,
        "priceModifier": 0
      },
      "tradeExp": 1,
      "maxUses": 64,
      "priceMultiplier": 0.0,
      "demand": 0,
      "tradeLevel": 1,
      "UTID": "minecraft:cartographer_coin_leaderboard_for_cog"
    }
  ]
}
