{
  "profession": "candlelight:cook",
  "removeOtherTrades": true,
  "maxTrades": 30,
  "trades": [
    {
      "offer": {
        "itemKey": "farmersdelight:cabbage_seeds",
        "amount": 1,
        "priceModifier": 0
      },
      "request": {
        "itemKey": "numismatics:cog",
        "amount": 1,
        "priceModifier": 0
      },
      "tradeExp": 1,
      "maxUses": 64,
      "priceMultiplier": 0.0,
      "demand": 0,
      "tradeLevel": 1,
      "UTID": "candlelight:cook_cabbage_seeds_for_cog"
    },
    {
      "offer": {
        "itemKey": "vintagedelight:cucumber_seeds",
        "amount": 1,
        "priceModifier": 0
      },
      "request": {
        "itemKey": "numismatics:cog",
        "amount": 1,
        "priceModifier": 0
      },
      "tradeExp": 1,
      "maxUses": 64,
      "priceMultiplier": 0.0,
      "demand": 0,
      "tradeLevel": 1,
      "UTID": "candlelight:cook_cucumber_seeds_for_cog"
    },
    {
      "offer": {
        "itemKey": "veggiesdelight:garlic_seed",
        "amount": 1,
        "priceModifier": 0
      },
      "request": {
        "itemKey": "numismatics:sprocket",
        "amount": 2,
        "priceModifier": 0
      },
      "tradeExp": 1,
      "maxUses": 64,
      "priceMultiplier": 0.0,
      "demand": 0,
      "tradeLevel": 1,
      "UTID": "candlelight:cook_cucumber_seeds_for_cog"
    },
    {
      "offer": {
        "itemKey": "vintagedelight:ghost_pepper_seeds",
        "amount": 1,
        "priceModifier": 0
      },
      "request": {
        "itemKey": "numismatics:cog",
        "amount": 1,
        "priceModifier": 0
      },
      "tradeExp": 1,
      "maxUses": 64,
      "priceMultiplier": 0.0,
      "demand": 0,
      "tradeLevel": 1,
      "UTID": "candlelight:cook_ghost_pepper_seeds_for_cog"
    },
    {
      "offer": {
        "itemKey": "society:sweet_potato_seed",
        "amount": 1,
        "priceModifier": 0
      },
      "request": {
        "itemKey": "numismatics:cog",
        "amount": 1,
        "priceModifier": 0
      },
      "tradeExp": 1,
      "maxUses": 64,
      "priceMultiplier": 0.0,
      "demand": 0,
      "tradeLevel": 1,
      "UTID": "candlelight:cook_peanut_for_cog"
    },
    {
      "offer": {
        "itemKey": "society:peanut_seed",
        "amount": 1,
        "priceModifier": 0
      },
      "request": {
        "itemKey": "numismatics:crown",
        "amount": 1,
        "priceModifier": 0
      },
      "tradeExp": 1,
      "maxUses": 64,
      "priceMultiplier": 0.0,
      "demand": 0,
      "tradeLevel": 1,
      "UTID": "candlelight:cook_peanut_for_crown"
    },
    {
      "offer": {
        "itemKey": "society:tubabacco_leaf_seed",
        "amount": 1,
        "priceModifier": 0
      },
      "request": {
        "itemKey": "numismatics:crown",
        "amount": 1,
        "priceModifier": 0
      },
      "tradeExp": 1,
      "maxUses": 64,
      "priceMultiplier": 0.0,
      "demand": 0,
      "tradeLevel": 1,
      "UTID": "candlelight:cook_tubabacco_leaf_seed_for_crown"
    },
    {
      "offer": {
        "itemKey": "pamhc2trees:cherry_sapling",
        "amount": 1,
        "priceModifier": 0
      },
      "request": {
        "itemKey": "numismatics:crown",
        "amount": 1,
        "priceModifier": 0
      },
      "tradeExp": 1,
      "maxUses": 64,
      "priceMultiplier": 0.0,
      "demand": 0,
      "tradeLevel": 1,
      "UTID": "candlelight:cook_cherry_sapling_for_crown"
    },
    {
      "offer": {
        "itemKey": "pamhc2trees:apple_sapling",
        "amount": 1,
        "priceModifier": 0
      },
      "request": {
        "itemKey": "numismatics:crown",
        "amount": 1,
        "priceModifier": 0
      },
      "tradeExp": 1,
      "maxUses": 64,
      "priceMultiplier": 0.0,
      "demand": 0,
      "tradeLevel": 1,
      "UTID": "candlelight:cook_apple_sapling_for_crown"
    },
    {
      "offer": {
        "itemKey": "pamhc2trees:mango_sapling",
        "amount": 1,
        "priceModifier": 0
      },
      "request": {
        "itemKey": "numismatics:sun",
        "amount": 4,
        "priceModifier": 0
      },
      "tradeExp": 1,
      "maxUses": 64,
      "priceMultiplier": 0.0,
      "demand": 0,
      "tradeLevel": 1,
      "UTID": "candlelight:cook_mango_sapling_for_sun"
    },
    {
      "offer": {
        "itemKey": "pamhc2trees:orange_sapling",
        "amount": 1,
        "priceModifier": 0
      },
      "request": {
        "itemKey": "numismatics:sun",
        "amount": 4,
        "priceModifier": 0
      },
      "additionalRequest": {
        "itemKey": "numismatics:crown",
        "amount": 4,
        "priceModifier": 0
      },
      "tradeExp": 1,
      "maxUses": 64,
      "priceMultiplier": 0.0,
      "demand": 0,
      "tradeLevel": 1,
      "UTID": "candlelight:cook_orange_sapling_for_sun_and_crown"
    },
    {
      "offer": {
        "itemKey": "pamhc2trees:plum_sapling",
        "amount": 1,
        "priceModifier": 0
      },
      "request": {
        "itemKey": "numismatics:sun",
        "amount": 6,
        "priceModifier": 0
      },
      "additionalRequest": {
        "itemKey": "numismatics:crown",
        "amount": 6,
        "priceModifier": 0
      },
      "tradeExp": 1,
      "maxUses": 64,
      "priceMultiplier": 0.0,
      "demand": 0,
      "tradeLevel": 1,
      "UTID": "candlelight:cook_plum_sapling_for_sun_and_crown"
    },
    {
      "offer": {
        "itemKey": "pamhc2trees:dragonfruit_sapling",
        "amount": 1,
        "priceModifier": 0
      },
      "request": {
        "itemKey": "numismatics:sun",
        "amount": 10,
        "priceModifier": 0
      },
      "additionalRequest": {
        "itemKey": "numismatics:crown",
        "amount": 4,
        "priceModifier": 0
      },
      "tradeExp": 1,
      "maxUses": 64,
      "priceMultiplier": 0.0,
      "demand": 0,
      "tradeLevel": 1,
      "UTID": "candlelight:cook_dragonfruit_sapling_for_sun_and_crown"
    },
    {
      "offer": {
        "itemKey": "pamhc2trees:starfruit_sapling",
        "amount": 1,
        "priceModifier": 0
      },
      "request": {
        "itemKey": "numismatics:sun",
        "amount": 20,
        "priceModifier": 0
      },
      "additionalRequest": {
        "itemKey": "society:prismatic_shard",
        "amount": 4,
        "priceModifier": 0
      },
      "tradeExp": 1,
      "maxUses": 64,
      "priceMultiplier": 0.0,
      "demand": 0,
      "tradeLevel": 1,
      "UTID": "candlelight:cook_starfruit_sapling_for_sun_and_prismatic_shard"
    }
  ]
}