{
  "profession": "minecraft:farmer",
  "removeOtherTrades": true,
  "maxTrades": 30,
  "trades": [
    {
      "offer": {
        "itemKey": "patchouli:guide_book",
        "amount": 1,
        "priceModifier": 0,
        "advancedNBTData": "{\"patchouli:book\":\"patchouli:almanac\"}"
      },
      "request": {
        "itemKey": "numismatics:cog",
        "amount": 1,
        "priceModifier": 0
      },
      "tradeExp": 1,
      "maxUses": 64,
      "priceMultiplier": 0.0,
      "demand": 0,
      "tradeLevel": 1,
      "UTID": "minecraft:farmer_guide_book_for_cog"
    },
    {
      "offer": {
        "itemKey": "create:tree_fertilizer",
        "amount": 1,
        "priceModifier": 0
      },
      "request": {
        "itemKey": "numismatics:sprocket",
        "amount": 2,
        "priceModifier": 0
      },
      "tradeExp": 1,
      "maxUses": 4096,
      "priceMultiplier": 0.0,
      "demand": 0,
      "tradeLevel": 1,
      "UTID": "minecraft:tree_fertilizer_for_sprocket"
    },
    {
      "offer": {
        "itemKey": "dew_drop_farmland_growth:hydrating_fertilizer",
        "amount": 1,
        "priceModifier": 0
      },
      "request": {
        "itemKey": "numismatics:sprocket",
        "amount": 2,
        "priceModifier": 0
      },
      "tradeExp": 1,
      "maxUses": 4096,
      "priceMultiplier": 0.0,
      "demand": 0,
      "tradeLevel": 1,
      "UTID": "minecraft:farmer_hydrating_fertilizer_for_sprocket"
    },
    {
      "offer": {
        "itemKey": "dew_drop_farmland_growth:low_quality_fertilizer",
        "amount": 1,
        "priceModifier": 0
      },
      "request": {
        "itemKey": "numismatics:cog",
        "amount": 1,
        "priceModifier": 0
      },
      "tradeExp": 1,
      "maxUses": 4096,
      "priceMultiplier": 0.0,
      "demand": 0,
      "tradeLevel": 1,
      "UTID": "minecraft:farmer_low_quality_fertilizer_for_cog"
    },
    {
      "offer": {
        "itemKey": "dew_drop_farmland_growth:weak_fertilizer",
        "amount": 1,
        "priceModifier": 0
      },
      "request": {
        "itemKey": "numismatics:cog",
        "amount": 1,
        "priceModifier": 0
      },
      "tradeExp": 1,
      "maxUses": 4096,
      "priceMultiplier": 0.0,
      "demand": 0,
      "tradeLevel": 1,
      "UTID": "minecraft:farmer_weak_fertilizer_for_cog"
    },
    {
      "offer": {
        "itemKey": "meadow:alpine_salt",
        "amount": 8,
        "priceModifier": 0
      },
      "request": {
        "itemKey": "numismatics:cog",
        "amount": 2,
        "priceModifier": 0
      },
      "tradeExp": 1,
      "maxUses": 4096,
      "priceMultiplier": 0.0,
      "demand": 0,
      "tradeLevel": 1,
      "UTID": "meadow:farmer_alpine_salt_for_cog"
    },
    {
      "offer": {
        "itemKey": "minecraft:sugar",
        "amount": 1,
        "priceModifier": 0
      },
      "request": {
        "itemKey": "numismatics:sprocket",
        "amount": 1,
        "priceModifier": 0
      },
      "tradeExp": 4,
      "maxUses": 4096,
      "priceMultiplier": 0.0,
      "demand": 0,
      "tradeLevel": 1,
      "UTID": "minecraft:farmer_sugar_for_sprocket"
    },
    {
      "offer": {
        "itemKey": "minecraft:glass_bottle",
        "amount": 8,
        "priceModifier": 0
      },
      "request": {
        "itemKey": "numismatics:spur",
        "amount": 4,
        "priceModifier": 0
      },
      "tradeExp": 1,
      "maxUses": 4096,
      "priceMultiplier": 0.0,
      "demand": 0,
      "tradeLevel": 1,
      "UTID": "minecraft:farmer_glass_bottle_for_spur"
    },
    {
      "offer": {
        "itemKey": "bakery:jar",
        "amount": 8,
        "priceModifier": 0
      },
      "request": {
        "itemKey": "numismatics:sprocket",
        "amount": 1,
        "priceModifier": 0
      },
      "tradeExp": 1,
      "maxUses": 4096,
      "priceMultiplier": 0.0,
      "demand": 0,
      "tradeLevel": 1,
      "UTID": "minecraft:farmer_glass_bottle_for_sprocket"
    },
    {
      "offer": {
        "itemKey": "vinery:wine_bottle",
        "amount": 8,
        "priceModifier": 0
      },
      "request": {
        "itemKey": "numismatics:spur",
        "amount": 2,
        "priceModifier": 0
      },
      "tradeExp": 1,
      "maxUses": 4096,
      "priceMultiplier": 0.0,
      "demand": 0,
      "tradeLevel": 1,
      "UTID": "minecraft:farmer_wine_bottle_for_spur"
    },
    {
      "offer": {
        "itemKey": "brewery:beer_mug",
        "amount": 8,
        "priceModifier": 0
      },
      "request": {
        "itemKey": "numismatics:spur",
        "amount": 4,
        "priceModifier": 0
      },
      "tradeExp": 4,
      "maxUses": 4096,
      "priceMultiplier": 0.0,
      "demand": 0,
      "tradeLevel": 1,
      "UTID": "minecraft:farmer_beer_mug_for_spur"
    },
    {
      "offer": {
        "itemKey": "minecraft:bowl",
        "amount": 8,
        "priceModifier": 0
      },
      "request": {
        "itemKey": "numismatics:spur",
        "amount": 4,
        "priceModifier": 0
      },
      "tradeExp": 1,
      "maxUses": 4096,
      "priceMultiplier": 0.0,
      "demand": 0,
      "tradeLevel": 1,
      "UTID": "minecraft:farmer_bowl_for_spur"
    },
    {
      "offer": {
        "itemKey": "farm_and_charm:pitchfork",
        "amount": 1,
        "priceModifier": 0
      },
      "request": {
        "itemKey": "numismatics:sun",
        "amount": 18,
        "priceModifier": 0
      },
      "tradeExp": 1,
      "maxUses": 4096,
      "priceMultiplier": 0.0,
      "demand": 0,
      "tradeLevel": 1,
      "UTID": "minecraft:farmer_pitchfork_for_sun"
    },
    {
      "offer": {
        "itemKey": "society:dehydrator",
        "amount": 1,
        "priceModifier": 0
      },
      "request": {
        "itemKey": "numismatics:sun",
        "amount": 5,
        "priceModifier": 0
      },
      "tradeExp": 1,
      "maxUses": 64,
      "priceMultiplier": 0.0,
      "demand": 0,
      "tradeLevel": 1,
      "UTID": "minecraft:farmer_dehydrator_for_sun"
    },
    {
      "offer": {
        "itemKey": "liltractor:liltractor",
        "amount": 1,
        "priceModifier": 0
      },
      "request": {
        "itemKey": "numismatics:sun",
        "amount": 6,
        "priceModifier": 0
      },
      "tradeExp": 1,
      "maxUses": 64,
      "priceMultiplier": 0.0,
      "demand": 0,
      "tradeLevel": 1,
      "UTID": "minecraft:farmer_liltractor_for_sun"
    },
    {
      "offer": {
        "itemKey": "create_central_kitchen:cooking_guide",
        "amount": 1,
        "priceModifier": 0
      },
      "request": {
        "itemKey": "numismatics:sun",
        "amount": 8,
        "priceModifier": 0
      },
      "additionalRequest": {
        "itemKey": "society:prismatic_shard",
        "amount": 1,
        "priceModifier": 0
      },
      "tradeExp": 1,
      "maxUses": 64,
      "priceMultiplier": 0.0,
      "demand": 0,
      "tradeLevel": 1,
      "UTID": "minecraft:farmer_cooking_guide_for_sun"
    }
  ]
}