{
  "profession": "minecraft:fisherman",
  "removeOtherTrades": true,
  "maxTrades": 45,
  "trades": [
    {
      "offer": {
        "itemKey": "aquaculture:worm",
        "amount": 1,
        "priceModifier": 0
      },
      "request": {
        "itemKey": "numismatics:bevel",
        "amount": 2,
        "priceModifier": 0
      },
      "tradeExp": 1,
      "maxUses": 4096,
      "priceMultiplier": 0.0,
      "demand": 0,
      "tradeLevel": 1,
      "UTID": "minecraft:fisherman_worm_for_spur"
    },
    {
      "offer": {
        "itemKey": "minecraft:fishing_rod",
        "amount": 1,
        "priceModifier": 0
      },
      "request": {
        "itemKey": "numismatics:crown",
        "amount": 4,
        "priceModifier": 0
      },
      "tradeExp": 1,
      "maxUses": 64,
      "priceMultiplier": 0.0,
      "demand": 0,
      "tradeLevel": 1,
      "UTID": "minecraft:fisherman_fishing_rod_for_crown"
    },
    {
      "offer": {
        "itemKey": "netherdepthsupgrade:lava_fishing_rod",
        "amount": 1,
        "priceModifier": 0
      },
      "request": {
        "itemKey": "numismatics:sun",
        "amount": 24,
        "priceModifier": 0
      },
      "tradeExp": 1,
      "maxUses": 64,
      "priceMultiplier": 0.0,
      "demand": 0,
      "tradeLevel": 1,
      "UTID": "minecraft:fisherman_lava_fishing_rod_rod_for_sun"
    },
    {
      "offer": {
        "itemKey": "society:fish_radar",
        "amount": 1,
        "priceModifier": 0
      },
      "request": {
        "itemKey": "numismatics:crown",
        "amount": 4,
        "priceModifier": 0
      },
      "additionalRequest": {
        "itemKey": "aquaculture:neptunium_ingot",
        "amount": 1,
        "priceModifier": 0
      },
      "tradeExp": 1,
      "maxUses": 64,
      "priceMultiplier": 0.0,
      "demand": 0,
      "tradeLevel": 1,
      "UTID": "minecraft:fisherman_fish_radar_for_crown"
    },
    {
      "offer": {
        "itemKey": "society:fish_pond",
        "amount": 1,
        "priceModifier": 0
      },
      "request": {
        "itemKey": "numismatics:sun",
        "amount": 8,
        "priceModifier": 0
      },
      "additionalRequest": {
        "itemKey": "society:river_jelly",
        "amount": 1,
        "priceModifier": 0
      },
      "tradeExp": 1,
      "maxUses": 64,
      "priceMultiplier": 0.0,
      "demand": 0,
      "tradeLevel": 1,
      "UTID": "minecraft:fisherman_fish_pond_for_sun"
    },
    {
      "offer": {
        "itemKey": "society:fish_smoker",
        "amount": 1,
        "priceModifier": 0
      },
      "request": {
        "itemKey": "numismatics:neptunium_coin",
        "amount": 2,
        "priceModifier": 0
      },
      "tradeExp": 1,
      "maxUses": 64,
      "priceMultiplier": 0.0,
      "demand": 0,
      "tradeLevel": 1,
      "UTID": "minecraft:fisherman_fish_smoker_for_neptunium_coin"
    },
    {
      "offer": {
        "itemKey": "aquaculture:note_hook",
        "amount": 1,
        "priceModifier": 0
      },
      "request": {
        "itemKey": "numismatics:spur",
        "amount": 7,
        "priceModifier": 0
      },
      "tradeExp": 1,
      "maxUses": 64,
      "priceMultiplier": 0.0,
      "demand": 0,
      "tradeLevel": 1,
      "UTID": "minecraft:fisherman_note_hook_for_spur"
    },
    {
      "offer": {
        "itemKey": "aquaculture:light_hook",
        "amount": 1,
        "priceModifier": 0
      },
      "request": {
        "itemKey": "numismatics:cog",
        "amount": 5,
        "priceModifier": 0
      },
      "additionalRequest": {
        "itemKey": "numismatics:sprocket",
        "amount": 1,
        "priceModifier": 0
      },
      "tradeExp": 1,
      "maxUses": 64,
      "priceMultiplier": 0.0,
      "demand": 0,
      "tradeLevel": 1,
      "UTID": "minecraft:fisherman_light_hook_for_cog_and_sprocket"
    },
    {
      "offer": {
        "itemKey": "aquaculture:heavy_hook",
        "amount": 1,
        "priceModifier": 0
      },
      "request": {
        "itemKey": "numismatics:cog",
        "amount": 5,
        "priceModifier": 0
      },
      "additionalRequest": {
        "itemKey": "numismatics:sprocket",
        "amount": 1,
        "priceModifier": 0
      },
      "tradeExp": 1,
      "maxUses": 64,
      "priceMultiplier": 0.0,
      "demand": 0,
      "tradeLevel": 1,
      "UTID": "minecraft:fisherman_heavy_hook_for_cog_and_sprocket"
    },
    {
      "offer": {
        "itemKey": "aquaculture:redstone_hook",
        "amount": 1,
        "priceModifier": 0
      },
      "request": {
        "itemKey": "numismatics:cog",
        "amount": 5,
        "priceModifier": 0
      },
      "additionalRequest": {
        "itemKey": "numismatics:sprocket",
        "amount": 1,
        "priceModifier": 0
      },
      "tradeExp": 1,
      "maxUses": 64,
      "priceMultiplier": 0.0,
      "demand": 0,
      "tradeLevel": 1,
      "UTID": "minecraft:fisherman_redstone_hook_for_cog_and_sprocket"
    },
    {
      "offer": {
        "itemKey": "aquaculture:gold_hook",
        "amount": 1,
        "priceModifier": 0
      },
      "request": {
        "itemKey": "numismatics:crown",
        "amount": 5,
        "priceModifier": 0
      },
      "tradeExp": 1,
      "maxUses": 64,
      "priceMultiplier": 0.0,
      "demand": 0,
      "tradeLevel": 1,
      "UTID": "minecraft:fisherman_gold_hook_for_crown"
    },
    {
      "offer": {
        "itemKey": "aquaculture:iron_hook",
        "amount": 1,
        "priceModifier": 0
      },
      "request": {
        "itemKey": "numismatics:sun",
        "amount": 1,
        "priceModifier": 0
      },
      "tradeExp": 1,
      "maxUses": 64,
      "priceMultiplier": 0.0,
      "demand": 0,
      "tradeLevel": 1,
      "UTID": "minecraft:fisherman_iron_hook_for_cog"
    },
    {
      "offer": {
        "itemKey": "aquaculture:diamond_hook",
        "amount": 1,
        "priceModifier": 0
      },
      "request": {
        "itemKey": "numismatics:sun",
        "amount": 16,
        "priceModifier": 0
      },
      "additionalRequest": {
        "itemKey": "aquaculture:neptunium_ingot",
        "amount": 2,
        "priceModifier": 0
      },
      "tradeExp": 1,
      "maxUses": 64,
      "priceMultiplier": 0.0,
      "demand": 0,
      "tradeLevel": 1,
      "UTID": "minecraft:fisherman_diamond_hook_for_crown"
    },
    {
      "offer": {
        "itemKey": "stardew_fishing:trap_bobber",
        "amount": 1,
        "priceModifier": 0
      },
      "request": {
        "itemKey": "numismatics:crown",
        "amount": 4,
        "priceModifier": 0
      },
      "tradeExp": 1,
      "maxUses": 64,
      "priceMultiplier": 0.0,
      "demand": 0,
      "tradeLevel": 1,
      "UTID": "minecraft:fisherman_trap_bobber_for_crown"
    },
    {
      "offer": {
        "itemKey": "stardew_fishing:cork_bobber",
        "amount": 1,
        "priceModifier": 0
      },
      "request": {
        "itemKey": "numismatics:crown",
        "amount": 6,
        "priceModifier": 0
      },
      "tradeExp": 1,
      "maxUses": 64,
      "priceMultiplier": 0.0,
      "demand": 0,
      "tradeLevel": 1,
      "UTID": "minecraft:fisherman_cork_bobber_for_crown"
    },
    {
      "offer": {
        "itemKey": "stardew_fishing:sonar_bobber",
        "amount": 1,
        "priceModifier": 0
      },
      "request": {
        "itemKey": "numismatics:crown",
        "amount": 6,
        "priceModifier": 0
      },
      "tradeExp": 1,
      "maxUses": 64,
      "priceMultiplier": 0.0,
      "demand": 0,
      "tradeLevel": 1,
      "UTID": "minecraft:fisherman_sonar_bobber_for_crown"
    },
    {
      "offer": {
        "itemKey": "stardew_fishing:treasure_bobber",
        "amount": 1,
        "priceModifier": 0
      },
      "request": {
        "itemKey": "numismatics:sun",
        "amount": 1,
        "priceModifier": 0
      },
      "tradeExp": 1,
      "maxUses": 64,
      "priceMultiplier": 0.0,
      "demand": 0,
      "tradeLevel": 1,
      "UTID": "minecraft:fisherman_treasure_bobber_for_sun"
    },
    {
      "offer": {
        "itemKey": "stardew_fishing:quality_bobber",
        "amount": 1,
        "priceModifier": 0
      },
      "request": {
        "itemKey": "numismatics:sun",
        "amount": 1,
        "priceModifier": 0
      },
      "additionalRequest": {
        "itemKey": "aquaculture:neptunium_ingot",
        "amount": 1,
        "priceModifier": 0
      },
      "tradeExp": 1,
      "maxUses": 64,
      "priceMultiplier": 0.0,
      "demand": 0,
      "tradeLevel": 1,
      "UTID": "minecraft:fisherman_quality_bobber_for_sun"
    },
    {
      "offer": {
        "itemKey": "aquaculture:double_hook",
        "amount": 1,
        "priceModifier": 0
      },
      "request": {
        "itemKey": "numismatics:sun",
        "amount": 4,
        "priceModifier": 0
      },
      "tradeExp": 1,
      "maxUses": 64,
      "priceMultiplier": 0.0,
      "demand": 0,
      "tradeLevel": 1,
      "UTID": "minecraft:fisherman_double_hook_for_crown"
    },
    {
      "offer": {
        "itemKey": "aquaculture:tackle_box",
        "amount": 1,
        "priceModifier": 0
      },
      "request": {
        "itemKey": "numismatics:sun",
        "amount": 1,
        "priceModifier": 0
      },
      "tradeExp": 1,
      "maxUses": 64,
      "priceMultiplier": 0.0,
      "demand": 0,
      "tradeLevel": 1,
      "UTID": "minecraft:fisherman_tackle_box_for_sun"
    },
    {
      "offer": {
        "itemKey": "aquaculture:worm_farm",
        "amount": 1,
        "priceModifier": 0
      },
      "request": {
        "itemKey": "numismatics:crown",
        "amount": 1,
        "priceModifier": 0
      },
      "tradeExp": 1,
      "maxUses": 64,
      "priceMultiplier": 0.0,
      "demand": 0,
      "tradeLevel": 1,
      "UTID": "minecraft:fisherman_worm_farm_for_crown"
    },
    {
      "offer": {
        "itemKey": "society:neptunium_upgrade_smithing_template",
        "amount": 1,
        "priceModifier": 0
      },
      "request": {
        "itemKey": "numismatics:sun",
        "amount": 32,
        "priceModifier": 0
      },
      "tradeExp": 1,
      "maxUses": 64,
      "priceMultiplier": 0.0,
      "demand": 0,
      "tradeLevel": 1,
      "UTID": "minecraft:toolsmith_neptunium_upgrade_smithing_template_for_crown"
    },
    {
      "offer": {
        "itemKey": "create:copper_diving_helmet",
        "amount": 1,
        "priceModifier": 0
      },
      "request": {
        "itemKey": "numismatics:crown",
        "amount": 4,
        "priceModifier": 0
      },
      "tradeExp": 1,
      "maxUses": 64,
      "priceMultiplier": 0.0,
      "demand": 0,
      "tradeLevel": 1,
      "UTID": "minecraft:fisherman_copper_diving_helmet_for_crown"
    },
    {
      "offer": {
        "itemKey": "create:copper_backtank",
        "amount": 1,
        "priceModifier": 0
      },
      "request": {
        "itemKey": "numismatics:crown",
        "amount": 4,
        "priceModifier": 0
      },
      "tradeExp": 1,
      "maxUses": 64,
      "priceMultiplier": 0.0,
      "demand": 0,
      "tradeLevel": 1,
      "UTID": "minecraft:fisherman_copper_backtank_for_crown"
    },
    {
      "offer": {
        "itemKey": "create:copper_diving_boots",
        "amount": 1,
        "priceModifier": 0
      },
      "request": {
        "itemKey": "numismatics:crown",
        "amount": 3,
        "priceModifier": 0
      },
      "tradeExp": 1,
      "maxUses": 64,
      "priceMultiplier": 0.0,
      "demand": 0,
      "tradeLevel": 1,
      "UTID": "minecraft:fisherman_copper_diving_boots_for_crown"
    },
    {
      "offer": {
        "itemKey": "candlelight:gold_ring",
        "amount": 1,
        "priceModifier": 0
      },
      "request": {
        "itemKey": "numismatics:sun",
        "amount": 32,
        "priceModifier": 0
      },
      "tradeExp": 1,
      "maxUses": 64,
      "priceMultiplier": 0.0,
      "demand": 0,
      "tradeLevel": 1,
      "UTID": "minecraft:fisherman_gold_ring_for_sun"
    },
    {
      "offer": {
        "itemKey": "patchouli:guide_book",
        "amount": 1,
        "priceModifier": 0,
        "advancedNBTData": "{\"patchouli:book\":\"patchouli:fish_finder\"}"
      },
      "request": {
        "itemKey": "numismatics:neptunium_coin",
        "amount": 1,
        "priceModifier": 0
      },
      "additionalRequest": {
        "itemKey": "aquaculture:neptunium_block",
        "amount": 1,
        "priceModifier": 0
      },
      "tradeExp": 1,
      "maxUses": 64,
      "priceMultiplier": 0.0,
      "demand": 0,
      "tradeLevel": 1,
      "UTID": "minecraft:fisherman_guide_book_for_neptunium_coin"
    }
  ]
}
