{
  "profession": "minecraft:fletcher",
  "removeOtherTrades": true,
  "maxTrades": 44,
  "trades": [
    {
      "offer": {
        "itemKey": "society:furniture_box",
        "amount": 1,
        "priceModifier": 0
      },
      "request": {
        "itemKey": "vintagedelight:gearo_berry_mason_jar",
        "amount": 4,
        "priceModifier": 0
      },
      "tradeExp": 2,
      "maxUses": 32,
      "priceMultiplier": 0.0,
      "demand": 0,
      "tradeLevel": 1,
      "UTID": "minecraft:fletcher_furniture_box_for_gearo_berry_mason_jar"
    },
    {
      "offer": {
        "itemKey": "create:blaze_cake",
        "amount": 1,
        "priceModifier": 0
      },
      "request": {
        "itemKey": "bakery:sweetberry_cake",
        "amount": 4,
        "priceModifier": 0
      },
      "tradeExp": 2,
      "maxUses": 32,
      "priceMultiplier": 0.0,
      "demand": 0,
      "tradeLevel": 1,
      "UTID": "minecraft:fletcher_blaze_cake_for_sweetberry_cake"
    },
    {
      "offer": {
        "itemKey": "pamhc2trees:cinnamon_sapling",
        "amount": 1,
        "priceModifier": 0
      },
      "request": {
        "itemKey": "snowyspirit:ginger_crate",
        "amount": 16,
        "priceModifier": 0
      },
      "tradeExp": 2,
      "maxUses": 32,
      "priceMultiplier": 0.0,
      "demand": 0,
      "tradeLevel": 1,
      "UTID": "minecraft:fletcher_cinnamon_sapling_for_ginger_crate"
    },
    {
      "offer": {
        "itemKey": "society:earth_crystal",
        "amount": 1,
        "priceModifier": 0
      },
      "request": {
        "itemKey": "farmersdelight:rice_bag",
        "amount": 4,
        "priceModifier": 0
      },
      "tradeExp": 2,
      "maxUses": 32,
      "priceMultiplier": 0.0,
      "demand": 0,
      "tradeLevel": 1,
      "UTID": "minecraft:fletcher_earth_crystal_for_rice_bag"
    },
    {
      "offer": {
        "itemKey": "society:fire_quartz",
        "amount": 1,
        "priceModifier": 0
      },
      "request": {
        "itemKey": "crabbersdelight:pearl_block",
        "amount": 1,
        "priceModifier": 0
      },
      "tradeExp": 2,
      "maxUses": 32,
      "priceMultiplier": 0.0,
      "demand": 0,
      "tradeLevel": 1,
      "UTID": "minecraft:fletcher_fire_quartz_for_pearl_block"
    },
    {
      "offer": {
        "itemKey": "society:battery",
        "amount": 1,
        "priceModifier": 0
      },
      "request": {
        "itemKey": "society:aged_warped_cheese_block",
        "amount": 1,
        "priceModifier": 0
      },
      "tradeExp": 2,
      "maxUses": 32,
      "priceMultiplier": 0.0,
      "demand": 0,
      "tradeLevel": 1,
      "UTID": "minecraft:fletcher_battery_for_aged_warped_cheese_block"
    },
    {
      "offer": {
        "itemKey": "minecraft:budding_amethyst",
        "amount": 1,
        "priceModifier": 0
      },
      "request": {
        "itemKey": "society:aged_amethyst_cheese_block",
        "amount": 1,
        "priceModifier": 0
      },
      "tradeExp": 2,
      "maxUses": 32,
      "priceMultiplier": 0.0,
      "demand": 0,
      "tradeLevel": 1,
      "UTID": "minecraft:fletcher_budding_amethyst_for_aged_amethyst_cheese_block"
    },
    {
      "offer": {
        "itemKey": "society:magic_rope",
        "amount": 1,
        "priceModifier": 0
      },
      "request": {
        "itemKey": "society:basalt_shard",
        "amount": 4,
        "priceModifier": 0
      },
      "tradeExp": 2,
      "maxUses": 32,
      "priceMultiplier": 0.0,
      "demand": 0,
      "tradeLevel": 1,
      "UTID": "minecraft:fletcher_magic_rope_for_basalt_shard"
    },
    {
      "offer": {
        "itemKey": "society:jade",
        "amount": 1,
        "priceModifier": 0
      },
      "request": {
        "itemKey": "vinery:aegis_wine",
        "amount": 4,
        "priceModifier": 0
      },
      "tradeExp": 2,
      "maxUses": 32,
      "priceMultiplier": 0.0,
      "demand": 0,
      "tradeLevel": 1,
      "UTID": "minecraft:fletcher_jade_for_aegis_wine"
    },
    {
      "offer": {
        "itemKey": "minecraft:netherite_scrap",
        "amount": 1,
        "priceModifier": 0
      },
      "request": {
        "itemKey": "society:aged_dark_brew",
        "amount": 2,
        "priceModifier": 0
      },
      "tradeExp": 2,
      "maxUses": 32,
      "priceMultiplier": 0.0,
      "demand": 0,
      "tradeLevel": 1,
      "UTID": "minecraft:fletcher_netherite_scrap_for_aged_dark_brew"
    },
    {
      "offer": {
        "itemKey": "gag:mining_dynamite",
        "amount": 1,
        "priceModifier": 0
      },
      "request": {
        "itemKey": "create:raw_zinc_block",
        "amount": 4,
        "priceModifier": 0
      },
      "tradeExp": 2,
      "maxUses": 64,
      "priceMultiplier": 0.0,
      "demand": 0,
      "tradeLevel": 1,
      "UTID": "minecraft:fletcher_mining_dynamite_for_raw_zinc_block"
    },
    {
      "offer": {
        "itemKey": "minecraft:wither_skeleton_skull",
        "amount": 1,
        "priceModifier": 0
      },
      "request": {
        "itemKey": "society:jade",
        "amount": 4,
        "priceModifier": 0
      },
      "tradeExp": 2,
      "maxUses": 32,
      "priceMultiplier": 0.0,
      "demand": 0,
      "tradeLevel": 1,
      "UTID": "minecraft:fletcher_wither_skeleton_skull_for_jade"
    },
    {
      "offer": {
        "itemKey": "vintagedelight:pad_thai",
        "amount": 2,
        "priceModifier": 0
      },
      "request": {
        "itemKey": "society:ruby",
        "amount": 1,
        "priceModifier": 0
      },
      "tradeExp": 2,
      "maxUses": 32,
      "priceMultiplier": 0.0,
      "demand": 0,
      "tradeLevel": 1,
      "UTID": "minecraft:fletcher_pad_thai_for_ruby"
    },
    {
      "offer": {
        "itemKey": "trials:breeze_rod",
        "amount": 8,
        "priceModifier": 0
      },
      "request": {
        "itemKey": "society:amethyst_chunk",
        "amount": 1,
        "priceModifier": 0
      },
      "tradeExp": 2,
      "maxUses": 32,
      "priceMultiplier": 0.0,
      "demand": 0,
      "tradeLevel": 1,
      "UTID": "minecraft:fletcher_breeze_rod_for_amethyst_chunk"
    },
    {
      "offer": {
        "itemKey": "society:prize_ticket",
        "amount": 1,
        "priceModifier": 0
      },
      "request": {
        "itemKey": "society:omni_geode",
        "amount": 10,
        "priceModifier": 0
      },
      "tradeExp": 2,
      "maxUses": 32,
      "priceMultiplier": 0.0,
      "demand": 0,
      "tradeLevel": 1,
      "UTID": "minecraft:fletcher_prize_ticket_for_omni_geode"
    },
    {
      "offer": {
        "itemKey": "supplementaries:cartographers_quill",
        "amount": 1,
        "priceModifier": 0,
        "advancedNBTData": "{decoration:\"minecraft:red_x\",display:{Name:'{\"translate\":\"filled_map.trial_chamber\"}'},maxSearchRadius:50000,skinKnown:0b,targetStructure:\"trials:trials_chambers\",zoomLevel:1}"
      },
      "request": {
        "itemKey": "society:geode",
        "amount": 32,
        "priceModifier": 0
      },
      "additionalRequest": {
        "itemKey": "society:magma_geode",
        "amount": 16,
        "priceModifier": 0
      },
      "tradeExp": 2,
      "maxUses": 32,
      "priceMultiplier": 0.0,
      "demand": 0,
      "tradeLevel": 1,
      "UTID": "minecraft:fletcher_cartographers_quill_for_geodes"
    },
    {
      "offer": {
        "itemKey": "society:relic_trove",
        "amount": 1,
        "priceModifier": 0
      },
      "request": {
        "itemKey": "trials:trial_key_ominous",
        "amount": 4,
        "priceModifier": 0
      },
      "tradeExp": 2,
      "maxUses": 32,
      "priceMultiplier": 0.0,
      "demand": 0,
      "tradeLevel": 1,
      "UTID": "minecraft:fletcher_relic_trove_for_trial_key_ominous"
    },
    {
      "offer": {
        "itemKey": "society:artifact_trove",
        "amount": 1,
        "priceModifier": 0
      },
      "request": {
        "itemKey": "society:aged_starcardi",
        "amount": 8,
        "priceModifier": 0
      },
      "tradeExp": 2,
      "maxUses": 32,
      "priceMultiplier": 0.0,
      "demand": 0,
      "tradeLevel": 1,
      "UTID": "minecraft:fletcher_artifact_trove_for_aged_starcardi"
    },
    {
      "offer": {
        "itemKey": "society:ancient_cog",
        "amount": 1,
        "priceModifier": 0
      },
      "request": {
        "itemKey": "pamhc2trees:plumitem",
        "amount": 16,
        "priceModifier": 0
      },
      "tradeExp": 2,
      "maxUses": 32,
      "priceMultiplier": 0.0,
      "demand": 0,
      "tradeLevel": 1,
      "UTID": "minecraft:fletcher_ancient_cog_for_plumitem"
    },
    {
      "offer": {
        "itemKey": "society:stone_hand",
        "amount": 1,
        "priceModifier": 0
      },
      "request": {
        "itemKey": "society:mango_preserves",
        "amount": 8,
        "priceModifier": 0
      },
      "tradeExp": 2,
      "maxUses": 32,
      "priceMultiplier": 0.0,
      "demand": 0,
      "tradeLevel": 1,
      "UTID": "minecraft:fletcher_stone_hand_for_mango_preserves"
    },
    {
      "offer": {
        "itemKey": "society:enkephalin",
        "amount": 1,
        "priceModifier": 0
      },
      "request": {
        "itemKey": "society:nether_jelly",
        "amount": 8,
        "priceModifier": 0
      },
      "tradeExp": 2,
      "maxUses": 32,
      "priceMultiplier": 0.0,
      "demand": 0,
      "tradeLevel": 1,
      "UTID": "minecraft:fletcher_enkephalin_for_nether_jelly"
    },
    {
      "offer": {
        "itemKey": "society:cordycep",
        "amount": 1,
        "priceModifier": 0
      },
      "request": {
        "itemKey": "society:truffle_tea",
        "amount": 8,
        "priceModifier": 0
      },
      "tradeExp": 2,
      "maxUses": 32,
      "priceMultiplier": 0.0,
      "demand": 0,
      "tradeLevel": 1,
      "UTID": "minecraft:cordycep_for_truffle_tea"
    },
    {
      "offer": {
        "itemKey": "society:tiny_gnome",
        "amount": 1,
        "priceModifier": 0
      },
      "request": {
        "itemKey": "society:beer_london",
        "amount": 8,
        "priceModifier": 0
      },
      "tradeExp": 2,
      "maxUses": 32,
      "priceMultiplier": 0.0,
      "demand": 0,
      "tradeLevel": 1,
      "UTID": "minecraft:fletcher_tiny_gnome_for_beer_london"
    },
    {
      "offer": {
        "itemKey": "society:black_opal",
        "amount": 1,
        "priceModifier": 0
      },
      "request": {
        "itemKey": "netherdepthsupgrade:baked_obsidianfish_stew",
        "amount": 32,
        "priceModifier": 0
      },
      "tradeExp": 2,
      "maxUses": 32,
      "priceMultiplier": 0.0,
      "demand": 0,
      "tradeLevel": 1,
      "UTID": "minecraft:fletcher_black_opal_for_baked_obsidianfish_stew"
    },
    {
      "offer": {
        "itemKey": "society:frosted_tip",
        "amount": 1,
        "priceModifier": 0
      },
      "request": {
        "itemKey": "society:dirty_chai",
        "amount": 16,
        "priceModifier": 0
      },
      "tradeExp": 2,
      "maxUses": 32,
      "priceMultiplier": 0.0,
      "demand": 0,
      "tradeLevel": 1,
      "UTID": "minecraft:fletcher_frosted_tip_for_dirty_chai"
    },
    {
      "offer": {
        "itemKey": "society:infinity_worm",
        "amount": 1,
        "priceModifier": 0
      },
      "request": {
        "itemKey": "society:aquamagical_dust",
        "amount": 4,
        "priceModifier": 0
      },
      "tradeExp": 2,
      "maxUses": 32,
      "priceMultiplier": 0.0,
      "demand": 0,
      "tradeLevel": 1,
      "UTID": "minecraft:fletcher_infinity_worm_for_aquamagical_dust"
    },
    {
      "offer": {
        "itemKey": "society:pink_matter",
        "amount": 1,
        "priceModifier": 0
      },
      "request": {
        "itemKey": "splendid_slimes:plort",
        "amount": 16,
        "priceModifier": 0,
        "advancedNBTData": "{plort:{id:\"splendid_slimes:minty\"}}"
      },
      "tradeExp": 2,
      "maxUses": 32,
      "priceMultiplier": 0.0,
      "demand": 0,
      "tradeLevel": 1,
      "UTID": "minecraft:fletcher_pink_matter_for_plort"
    },
    {
      "offer": {
        "itemKey": "society:ancient_roe",
        "amount": 1,
        "priceModifier": 0
      },
      "request": {
        "itemKey": "society:aged_minnow_roe",
        "amount": 32,
        "priceModifier": 0
      },
      "tradeExp": 2,
      "maxUses": 32,
      "priceMultiplier": 0.0,
      "demand": 0,
      "tradeLevel": 1,
      "UTID": "minecraft:fletcher_ancient_roe_for_aged_minnow_roe"
    },
    {
      "offer": {
        "itemKey": "society:sea_biscut",
        "amount": 1,
        "priceModifier": 0
      },
      "request": {
        "itemKey": "society:smoked_shrimp",
        "amount": 64,
        "priceModifier": 0
      },
      "additionalRequest": {
        "itemKey": "society:sunlit_pearl",
        "amount": 1,
        "priceModifier": 0
      },
      "tradeExp": 2,
      "maxUses": 32,
      "priceMultiplier": 0.0,
      "demand": 0,
      "tradeLevel": 1,
      "UTID": "minecraft:fletcher_sea_biscut_for_smoked_shrimp"
    },
    {
      "offer": {
        "itemKey": "society:broken_clock",
        "amount": 1,
        "priceModifier": 0
      },
      "request": {
        "itemKey": "society:aged_netherite_nectar",
        "amount": 2,
        "priceModifier": 0
      },
      "additionalRequest": {
        "itemKey": "society:prismatic_shard",
        "amount": 1,
        "priceModifier": 0
      },
      "tradeExp": 2,
      "maxUses": 32,
      "priceMultiplier": 0.0,
      "demand": 0,
      "tradeLevel": 1,
      "UTID": "minecraft:fletcher_broken_clock_for_aged_netherite_nectar_and_prismatic_shard"
    },
    {
      "offer": {
        "itemKey": "society:inserter",
        "amount": 1,
        "priceModifier": 0
      },
      "request": {
        "itemKey": "society:truffle_oil",
        "amount": 16,
        "priceModifier": 0
      },
      "additionalRequest": {
        "itemKey": "society:double_aged_ancient_cider",
        "amount": 1,
        "priceModifier": 0
      },
      "tradeExp": 2,
      "maxUses": 32,
      "priceMultiplier": 0.0,
      "demand": 0,
      "tradeLevel": 1,
      "UTID": "minecraft:inserter_for_truffle_oil_and_prismatic_shard"
    }
  ]
}
