{
  "profession": "minecraft:leatherworker",
  "removeOtherTrades": true,
  "maxTrades": 30,
  "trades": [
    {
      "offer": {
        "itemKey": "minecraft:bundle",
        "amount": 1,
        "priceModifier": 0
      },
      "request": {
        "itemKey": "numismatics:sprocket",
        "amount": 1,
        "priceModifier": 0
      },
      "tradeExp": 1,
      "maxUses": 64,
      "priceMultiplier": 0.0,
      "demand": 0,
      "tradeLevel": 1,
      "UTID": "minecraft:leatherworker_bundle_white_for_sprocket"
    },
    {
      "offer": {
        "itemKey": "minecraft:saddle",
        "amount": 1,
        "priceModifier": 0
      },
      "request": {
        "itemKey": "numismatics:cog",
        "amount": 2,
        "priceModifier": 0
      },
      "tradeExp": 1,
      "maxUses": 64,
      "priceMultiplier": 0.0,
      "demand": 0,
      "tradeLevel": 1,
      "UTID": "minecraft:leatherworker_saddle_for_cog"
    },
    {
      "offer": {
        "itemKey": "sewingkit:sewing_station",
        "amount": 1,
        "priceModifier": 0
      },
      "request": {
        "itemKey": "numismatics:crown",
        "amount": 4,
        "priceModifier": 0
      },
      "tradeExp": 1,
      "maxUses": 64,
      "priceMultiplier": 0.0,
      "demand": 0,
      "tradeLevel": 1,
      "UTID": "minecraft:leatherworker_sewing_station_for_crown"
    },
    {
      "offer": {
        "itemKey": "sewingkit:iron_sewing_needle",
        "amount": 1,
        "priceModifier": 0
      },
      "request": {
        "itemKey": "numismatics:cog",
        "amount": 4,
        "priceModifier": 0
      },
      "tradeExp": 1,
      "maxUses": 64,
      "priceMultiplier": 0.0,
      "demand": 0,
      "tradeLevel": 1,
      "UTID": "minecraft:leatherworker_iron_sewing_needle_for_cog"
    },
    {
      "offer": {
        "itemKey": "naturescompass:naturescompass",
        "amount": 1,
        "priceModifier": 0
      },
      "request": {
        "itemKey": "numismatics:sun",
        "amount": 6,
        "priceModifier": 0
      },
      "tradeExp": 1,
      "maxUses": 64,
      "priceMultiplier": 0.0,
      "demand": 0,
      "tradeLevel": 1,
      "UTID": "minecraft:leatherworker_naturescompass_for_crown"
    },
    {
      "offer": {
        "itemKey": "sophisticatedbackpacks:backpack",
        "amount": 1,
        "priceModifier": 0
      },
      "request": {
        "itemKey": "numismatics:crown",
        "amount": 2,
        "priceModifier": 0
      },
      "tradeExp": 1,
      "maxUses": 64,
      "priceMultiplier": 0.0,
      "demand": 0,
      "tradeLevel": 1,
      "UTID": "minecraft:leatherworker_backpack_for_crown"
    },
    {
      "offer": {
        "itemKey": "sophisticatedbackpacks:upgrade_base",
        "amount": 1,
        "priceModifier": 0
      },
      "request": {
        "itemKey": "numismatics:crown",
        "amount": 1,
        "priceModifier": 0
      },
      "tradeExp": 1,
      "maxUses": 64,
      "priceMultiplier": 0.0,
      "demand": 0,
      "tradeLevel": 1,
      "UTID": "minecraft:leatherworker_upgrade_base_for_crown"
    },
    {
      "offer": {
        "itemKey": "sophisticatedbackpacks:stack_upgrade_starter_tier",
        "amount": 1,
        "priceModifier": 0
      },
      "request": {
        "itemKey": "numismatics:sun",
        "amount": 8,
        "priceModifier": 0
      },
      "tradeExp": 1,
      "maxUses": 64,
      "priceMultiplier": 0.0,
      "demand": 0,
      "tradeLevel": 1,
      "UTID": "minecraft:leatherworker_stack_upgrade_starter_tier_for_sun"
    },
    {
      "offer": {
        "itemKey": "sophisticatedbackpacks:stack_upgrade_tier_1",
        "amount": 1,
        "priceModifier": 0
      },
      "request": {
        "itemKey": "numismatics:sun",
        "amount": 16,
        "priceModifier": 0
      },
      "tradeExp": 1,
      "maxUses": 64,
      "priceMultiplier": 0.0,
      "demand": 0,
      "tradeLevel": 1,
      "UTID": "minecraft:leatherworker_stack_upgrade_tier_1_for_sun"
    },
    {
      "offer": {
        "itemKey": "sophisticatedbackpacks:stack_upgrade_tier_2",
        "amount": 1,
        "priceModifier": 0
      },
      "request": {
        "itemKey": "numismatics:sun",
        "amount": 32,
        "priceModifier": 0
      },
      "tradeExp": 1,
      "maxUses": 64,
      "priceMultiplier": 0.0,
      "demand": 0,
      "tradeLevel": 1,
      "UTID": "minecraft:leatherworker_stack_upgrade_tier_2_for_sun"
    },
    {
      "offer": {
        "itemKey": "sophisticatedbackpacks:stack_upgrade_tier_3",
        "amount": 1,
        "priceModifier": 0
      },
      "request": {
        "itemKey": "numismatics:sun",
        "amount": 64,
        "priceModifier": 0
      },
      "tradeExp": 1,
      "maxUses": 64,
      "priceMultiplier": 0.0,
      "demand": 0,
      "tradeLevel": 1,
      "UTID": "minecraft:leatherworker_stack_upgrade_tier_3_for_sun"
    },
    {
      "offer": {
        "itemKey": "sophisticatedbackpacks:stack_upgrade_tier_4",
        "amount": 1,
        "priceModifier": 0
      },
      "request": {
        "itemKey": "numismatics:sun",
        "amount": 64,
        "priceModifier": 0
      },
      "additionalRequest": {
        "itemKey": "numismatics:sun",
        "amount": 64,
        "priceModifier": 0
      },
      "tradeExp": 1,
      "maxUses": 64,
      "priceMultiplier": 0.0,
      "demand": 0,
      "tradeLevel": 1,
      "UTID": "minecraft:leatherworker_stack_upgrade_tier_4_for_sun"
    },
    {
      "offer": {
        "itemKey": "sophisticatedbackpacks:stack_upgrade_omega_tier",
        "amount": 1,
        "priceModifier": 0
      },
      "request": {
        "itemKey": "numismatics:ancient_coin",
        "amount": 8,
        "priceModifier": 0
      },
      "tradeExp": 1,
      "maxUses": 64,
      "priceMultiplier": 0.0,
      "demand": 0,
      "tradeLevel": 1,
      "UTID": "minecraft:leatherworker_stack_upgrade_omega_tier_for_ancient_coin"
    },
    {
      "offer": {
        "itemKey": "sophisticatedbackpacks:inception_upgrade",
        "amount": 1,
        "priceModifier": 0
      },
      "request": {
        "itemKey": "numismatics:prismatic_coin",
        "amount": 4,
        "priceModifier": 0
      },
      "tradeExp": 1,
      "maxUses": 64,
      "priceMultiplier": 0.0,
      "demand": 0,
      "tradeLevel": 1,
      "UTID": "minecraft:leatherworker_inception_upgrade_for_prismatic_coin"
    },
    {
      "offer": {
        "itemKey": "beachparty:crocs",
        "amount": 1,
        "priceModifier": 0
      },
      "request": {
        "itemKey": "numismatics:prismatic_coin",
        "amount": 16,
        "priceModifier": 0
      },
      "tradeExp": 1,
      "maxUses": 64,
      "priceMultiplier": 0.0,
      "demand": 0,
      "tradeLevel": 1,
      "UTID": "minecraft:leatherworker_crocs_for_prismatic_coin"
    },
    {
      "offer": {
        "itemKey": "wildernature:stylin_purple_hat",
        "amount": 1,
        "priceModifier": 0
      },
      "request": {
        "itemKey": "numismatics:prismatic_coin",
        "amount": 64,
        "priceModifier": 0
      },
      "tradeExp": 1,
      "maxUses": 64,
      "priceMultiplier": 0.0,
      "demand": 0,
      "tradeLevel": 1,
      "UTID": "minecraft:leatherworker_stylin_purple_hat_for_prismatic_coin"
    }
  ]
}
