{
  "profession": "minecraft:librarian",
  "removeOtherTrades": true,
  "maxTrades": 30,
  "trades": [
    {
      "offer": {
        "itemKey": "labels:label",
        "amount": 1,
        "priceModifier": 0
      },
      "request": {
        "itemKey": "numismatics:spur",
        "amount": 3,
        "priceModifier": 0
      },
      "tradeExp": 1,
      "maxUses": 64,
      "priceMultiplier": 0.0,
      "demand": 0,
      "tradeLevel": 1,
      "UTID": "minecraft:librarian_label_for_spur"
    },
    {
      "offer": {
        "itemKey": "minecraft:name_tag",
        "amount": 1,
        "priceModifier": 0
      },
      "request": {
        "itemKey": "numismatics:cog",
        "amount": 4,
        "priceModifier": 0
      },
      "tradeExp": 1,
      "maxUses": 64,
      "priceMultiplier": 0.0,
      "demand": 0,
      "tradeLevel": 1,
      "UTID": "minecraft:librarian_name_tag_for_cog"
    },
    {
      "offer": {
        "itemKey": "gag:labeling_tool",
        "amount": 1,
        "priceModifier": 0
      },
      "request": {
        "itemKey": "numismatics:sun",
        "amount": 2,
        "priceModifier": 0
      },
      "tradeExp": 1,
      "maxUses": 64,
      "priceMultiplier": 0.0,
      "demand": 0,
      "tradeLevel": 1,
      "UTID": "minecraft:labeling_tool_tag_for_sun"
    },
    {
      "offer": {
        "itemKey": "minecraft:book",
        "amount": 1,
        "priceModifier": 0
      },
      "request": {
        "itemKey": "numismatics:bevel",
        "amount": 3,
        "priceModifier": 0
      },
      "tradeExp": 1,
      "maxUses": 64,
      "priceMultiplier": 0.0,
      "demand": 0,
      "tradeLevel": 1,
      "UTID": "minecraft:librarian_book_for_bevel"
    },
    {
      "offer": {
        "itemKey": "minecraft:enchanting_table",
        "amount": 1,
        "priceModifier": 0
      },
      "request": {
        "itemKey": "numismatics:sun",
        "amount": 16,
        "priceModifier": 0
      },
      "tradeExp": 1,
      "maxUses": 64,
      "priceMultiplier": 0.0,
      "demand": 0,
      "tradeLevel": 1,
      "UTID": "minecraft:librarian_enchanting_table_for_sun"
    },
    {
      "offer": {
        "itemKey": "minecraft:enchanted_book",
        "amount": 1,
        "priceModifier": 0,
        "enchantments": [
          {
            "enchantmentKey": "minecraft:mending",
            "enchantmentLevel": 1
          }
        ]
      },
      "request": {
        "itemKey": "numismatics:sun",
        "amount": 2,
        "priceModifier": 0
      },
      "tradeExp": 1,
      "maxUses": 64,
      "priceMultiplier": 0.0,
      "demand": 0,
      "tradeLevel": 1,
      "UTID": "minecraft:librarian_enchanted_book_for_sun"
    },
        {
      "offer": {
        "itemKey": "minecraft:enchanted_book",
        "amount": 1,
        "priceModifier": 0,
        "enchantments": [
          {
            "enchantmentKey": "minecraft:silk_touch",
            "enchantmentLevel": 1
          }
        ]
      },
      "request": {
        "itemKey": "numismatics:sun",
        "amount": 2,
        "priceModifier": 0
      },
      "tradeExp": 1,
      "maxUses": 64,
      "priceMultiplier": 0.0,
      "demand": 0,
      "tradeLevel": 1,
      "UTID": "minecraft:librarian_enchanted_book_for_sun"
    },
    {
      "offer": {
        "itemKey": "create_enchantment_industry:disenchanter",
        "amount": 1,
        "priceModifier": 0
      },
      "request": {
        "itemKey": "numismatics:sun",
        "amount": 16,
        "priceModifier": 0
      },
      "tradeExp": 1,
      "maxUses": 64,
      "priceMultiplier": 0.0,
      "demand": 0,
      "tradeLevel": 1,
      "UTID": "minecraft:librarian_disenchanter_for_sun"
    },
    {
      "offer": {
        "itemKey": "create_enchantment_industry:printer",
        "amount": 1,
        "priceModifier": 0
      },
      "request": {
        "itemKey": "numismatics:sun",
        "amount": 64,
        "priceModifier": 0
      },
      "tradeExp": 1,
      "maxUses": 64,
      "priceMultiplier": 0.0,
      "demand": 0,
      "tradeLevel": 1,
      "UTID": "minecraft:librarian_printer_for_sun"
    },
    {
      "offer": {
        "itemKey": "create_enchantment_industry:enchanting_guide",
        "amount": 1,
        "priceModifier": 0
      },
      "request": {
        "itemKey": "numismatics:crown",
        "amount": 48,
        "priceModifier": 0
      },
      "tradeExp": 1,
      "maxUses": 64,
      "priceMultiplier": 0.0,
      "demand": 0,
      "tradeLevel": 1,
      "UTID": "minecraft:librarian_enchanting_guide_for_crown"
    }
  ]
}