{
  "profession": "minecraft:toolsmith",
  "removeOtherTrades": true,
  "maxTrades": 34,
  "trades": [
    {
      "offer": {
        "itemKey": "minecraft:coal",
        "amount": 1,
        "priceModifier": 0
      },
      "request": {
        "itemKey": "numismatics:sprocket",
        "amount": 1,
        "priceModifier": 0
      },
      "tradeExp": 1,
      "maxUses": 4096,
      "priceMultiplier": 0.0,
      "demand": 0,
      "tradeLevel": 1,
      "UTID": "minecraft:toolsmith_coal_for_spur"
    },
    {
      "offer": {
        "itemKey": "minecraft:copper_ingot",
        "amount": 1,
        "priceModifier": 0
      },
      "request": {
        "itemKey": "numismatics:sprocket",
        "amount": 1,
        "priceModifier": 0
      },
      "tradeExp": 1,
      "maxUses": 4096,
      "priceMultiplier": 0.0,
      "demand": 0,
      "tradeLevel": 1,
      "UTID": "minecraft:toolsmith_copper_ingot_for_bevel"
    },
    {
      "offer": {
        "itemKey": "minecraft:iron_ingot",
        "amount": 1,
        "priceModifier": 0
      },
      "request": {
        "itemKey": "numismatics:cog",
        "amount": 1,
        "priceModifier": 0
      },
      "tradeExp": 1,
      "maxUses": 4096,
      "priceMultiplier": 0.0,
      "demand": 0,
      "tradeLevel": 1,
      "UTID": "minecraft:toolsmith_iron_ingot_for_sprocket"
    },
    {
      "offer": {
        "itemKey": "create:zinc_ingot",
        "amount": 1,
        "priceModifier": 0
      },
      "request": {
        "itemKey": "numismatics:cog",
        "amount": 2,
        "priceModifier": 0
      },
      "tradeExp": 1,
      "maxUses": 4096,
      "priceMultiplier": 0.0,
      "demand": 0,
      "tradeLevel": 1,
      "UTID": "minecraft:toolsmith_zinc_ingot_for_bevel"
    },
    {
      "offer": {
        "itemKey": "minecraft:gold_ingot",
        "amount": 1,
        "priceModifier": 0
      },
      "request": {
        "itemKey": "numismatics:cog",
        "amount": 4,
        "priceModifier": 0
      },
      "tradeExp": 1,
      "maxUses": 4096,
      "priceMultiplier": 0.0,
      "demand": 0,
      "tradeLevel": 1,
      "UTID": "minecraft:toolsmith_gold_ingot_for_cog"
    },
    {
      "offer": {
        "itemKey": "minecraft:redstone",
        "amount": 1,
        "priceModifier": 0
      },
      "request": {
        "itemKey": "numismatics:sprocket",
        "amount": 1,
        "priceModifier": 0
      },
      "tradeExp": 1,
      "maxUses": 4096,
      "priceMultiplier": 0.0,
      "demand": 0,
      "tradeLevel": 1,
      "UTID": "minecraft:toolsmith_redstone_for_bevel"
    },
    {
      "offer": {
        "itemKey": "minecraft:flint_and_steel",
        "amount": 1,
        "priceModifier": 0
      },
      "request": {
        "itemKey": "numismatics:sun",
        "amount": 6,
        "priceModifier": 0
      },
      "tradeExp": 1,
      "maxUses": 64,
      "priceMultiplier": 0.0,
      "demand": 0,
      "tradeLevel": 1,
      "UTID": "minecraft:toolsmith_flint_and_steel_for_crown"
    },
    {
      "offer": {
        "itemKey": "society:iron_upgrade_smithing_template",
        "amount": 1,
        "priceModifier": 0
      },
      "request": {
        "itemKey": "numismatics:crown",
        "amount": 1,
        "priceModifier": 0
      },
      "tradeExp": 1,
      "maxUses": 64,
      "priceMultiplier": 0.0,
      "demand": 0,
      "tradeLevel": 1,
      "UTID": "minecraft:iron_upgrade_smithing_template_for_sun"
    },
    {
      "offer": {
        "itemKey": "society:gold_upgrade_smithing_template",
        "amount": 1,
        "priceModifier": 0
      },
      "request": {
        "itemKey": "numismatics:sun",
        "amount": 1,
        "priceModifier": 0
      },
      "tradeExp": 1,
      "maxUses": 64,
      "priceMultiplier": 0.0,
      "demand": 0,
      "tradeLevel": 1,
      "UTID": "minecraft:gold_upgrade_smithing_template_for_sun"
    },
    {
      "offer": {
        "itemKey": "society:diamond_upgrade_smithing_template",
        "amount": 1,
        "priceModifier": 0
      },
      "request": {
        "itemKey": "numismatics:sun",
        "amount": 4,
        "priceModifier": 0
      },
      "tradeExp": 1,
      "maxUses": 64,
      "priceMultiplier": 0.0,
      "demand": 0,
      "tradeLevel": 1,
      "UTID": "minecraft:diamond_upgrade_smithing_template_for_sun"
    },
    {
      "offer": {
        "itemKey": "minecraft:netherite_upgrade_smithing_template",
        "amount": 1,
        "priceModifier": 0
      },
      "request": {
        "itemKey": "numismatics:sun",
        "amount": 22,
        "priceModifier": 0
      },
      "tradeExp": 1,
      "maxUses": 64,
      "priceMultiplier": 0.0,
      "demand": 0,
      "tradeLevel": 1,
      "UTID": "minecraft:toolsmith_netherite_upgrade_smithing_template_for_crown"
    },
    {
      "offer": {
        "itemKey": "society:geode_buster",
        "amount": 1,
        "priceModifier": 0
      },
      "request": {
        "itemKey": "numismatics:bevel",
        "amount": 2,
        "priceModifier": 0
      },
      "tradeExp": 1,
      "maxUses": 64,
      "priceMultiplier": 0.0,
      "demand": 0,
      "tradeLevel": 1,
      "UTID": "minecraft:toolsmith_geode_buster_for_bevel"
    },
    {
      "offer": {
        "itemKey": "extractinator:extractinator",
        "amount": 1,
        "priceModifier": 0
      },
      "request": {
        "itemKey": "numismatics:sun",
        "amount": 3,
        "priceModifier": 0
      },
      "tradeExp": 1,
      "maxUses": 64,
      "priceMultiplier": 0.0,
      "demand": 0,
      "tradeLevel": 1,
      "UTID": "minecraft:toolsmith_extractinator_for_sun_0"
    },
    {
      "offer": {
        "itemKey": "society:skull_cavern_teleporter",
        "amount": 1,
        "priceModifier": 0
      },
      "request": {
        "itemKey": "numismatics:sun",
        "amount": 16,
        "priceModifier": 0
      },
      "additionalRequest": {
        "itemKey": "minecraft:nether_star",
        "amount": 1,
        "priceModifier": 0
      },
      "tradeExp": 1,
      "maxUses": 64,
      "priceMultiplier": 0.0,
      "demand": 0,
      "tradeLevel": 1,
      "UTID": "minecraft:toolsmith_teleporter_for_sun"
    },
    {
      "offer": {
        "itemKey": "create:brown_toolbox",
        "amount": 1,
        "priceModifier": 0
      },
      "request": {
        "itemKey": "numismatics:cog",
        "amount": 6,
        "priceModifier": 0
      },
      "tradeExp": 1,
      "maxUses": 64,
      "priceMultiplier": 0.0,
      "demand": 0,
      "tradeLevel": 1,
      "UTID": "minecraft:toolsmith_brown_toolbox_for_cog_0"
    },
    {
      "offer": {
        "itemKey": "furniture:bin",
        "amount": 1,
        "priceModifier": 0
      },
      "request": {
        "itemKey": "numismatics:sun",
        "amount": 4,
        "priceModifier": 0
      },
      "tradeExp": 1,
      "maxUses": 64,
      "priceMultiplier": 0.0,
      "demand": 0,
      "tradeLevel": 1,
      "UTID": "minecraft:toolsmith_bin_for_sun_0"
    },
    {
      "offer": {
        "itemKey": "rehooked:wood_hook", 
        "amount": 1,
        "priceModifier": 0
      },
      "request": {
        "itemKey": "numismatics:sun",
        "amount": 4,
        "priceModifier": 0
      },
      "tradeExp": 1,
      "maxUses": 64,
      "priceMultiplier": 0.0,
      "demand": 0,
      "tradeLevel": 1,
      "UTID": "minecraft:toolsmith_wood_hook_for_sun"
    },
    {
      "offer": {
        "itemKey": "refurbished_furniture:workbench",
        "amount": 1,
        "priceModifier": 0
      },
      "request": {
        "itemKey": "numismatics:sun",
        "amount": 16,
        "priceModifier": 0
      },
      "tradeExp": 1,
      "maxUses": 64,
      "priceMultiplier": 0.0,
      "demand": 0,
      "tradeLevel": 1,
      "UTID": "minecraft:toolsmith_crafter_for_cog"
    },
    {
      "offer": {
        "itemKey": "automobility:automobile_assembler",
        "amount": 1,
        "priceModifier": 0
      },
      "request": {
        "itemKey": "numismatics:crown",
        "amount": 4,
        "priceModifier": 0
      },
      "tradeExp": 1,
      "maxUses": 64,
      "priceMultiplier": 0.0,
      "demand": 0,
      "tradeLevel": 1,
      "UTID": "minecraft:toolsmith_automobile_assembler_for_crown"
    },
    {
      "offer": {
        "itemKey": "automobility:auto_mechanic_table",
        "amount": 1,
        "priceModifier": 0
      },
      "request": {
        "itemKey": "numismatics:sun",
        "amount": 48,
        "priceModifier": 0
      },
      "tradeExp": 1,
      "maxUses": 64,
      "priceMultiplier": 0.0,
      "demand": 0,
      "tradeLevel": 1,
      "UTID": "minecraft:toolsmith_auto_mechanic_table_for_sun"
    },
    {
      "offer": {
        "itemKey": "buildinggadgets2:gadget_core",
        "amount": 1,
        "priceModifier": 0
      },
      "request": {
        "itemKey": "numismatics:sun",
        "amount": 20,
        "priceModifier": 0
      },
      "tradeExp": 1,
      "maxUses": 64,
      "priceMultiplier": 0.0,
      "demand": 0,
      "tradeLevel": 1,
      "UTID": "minecraft:toolsmith_gadget_core_for_sun"
    },
    {
      "offer": {
        "itemKey": "justhammers:small_core",
        "amount": 1,
        "priceModifier": 0
      },
      "request": {
        "itemKey": "numismatics:sun",
        "amount": 64,
        "priceModifier": 0
      },
      "tradeExp": 1,
      "maxUses": 64,
      "priceMultiplier": 0.0,
      "demand": 0,
      "tradeLevel": 1,
      "UTID": "minecraft:toolsmith_small_core_for_sun"
    },
    {
      "offer": {
        "itemKey": "justhammers:impact_core",
        "amount": 1,
        "priceModifier": 0
      },
      "request": {
        "itemKey": "numismatics:ancient_coin",
        "amount": 4,
        "priceModifier": 0
      },
      "tradeExp": 1,
      "maxUses": 64,
      "priceMultiplier": 0.0,
      "demand": 0,
      "tradeLevel": 1,
      "UTID": "minecraft:toolsmith_impact_core_for_ancient_coin"
    }
  ]
}