{
  "profession": "minecraft:weaponsmith",
  "removeOtherTrades": true,
  "maxTrades": 64,
  "trades": [
    {
      "offer": {
        "itemKey": "supplementaries:safe",
        "amount": 1,
        "priceModifier": 0
      },
      "request": {
        "itemKey": "numismatics:crown",
        "amount": 3,
        "priceModifier": 0
      },
      "tradeExp": 1,
      "maxUses": 64,
      "priceMultiplier": 0.0,
      "demand": 0,
      "tradeLevel": 1,
      "UTID": "minecraft:safe_for_crown"
    },
    {
      "offer": {
        "itemKey": "functionalstorage:storage_controller",
        "amount": 1,
        "priceModifier": 0
      },
      "request": {
        "itemKey": "numismatics:sun",
        "amount": 1,
        "priceModifier": 0
      },
      "tradeExp": 2,
      "maxUses": 64,
      "priceMultiplier": 0.0,
      "demand": 0,
      "tradeLevel": 1,
      "UTID": "minecraft:weaponsmith_storage_controller_for_sun"
    },
    {
      "offer": {
        "itemKey": "functionalstorage:controller_extension",
        "amount": 1,
        "priceModifier": 0
      },
      "request": {
        "itemKey": "numismatics:crown",
        "amount": 4,
        "priceModifier": 0
      },
      "tradeExp": 1,
      "maxUses": 64,
      "priceMultiplier": 0.0,
      "demand": 0,
      "tradeLevel": 1,
      "UTID": "minecraft:weaponsmith_controller_extension_for_crown"
    },
    {
      "offer": {
        "itemKey": "functionalstorage:simple_compacting_drawer",
        "amount": 1,
        "priceModifier": 0
      },
      "request": {
        "itemKey": "numismatics:cog",
        "amount": 2,
        "priceModifier": 0
      },
      "tradeExp": 2,
      "maxUses": 64,
      "priceMultiplier": 0.0,
      "demand": 0,
      "tradeLevel": 1,
      "UTID": "minecraft:weaponsmith_simple_compacting_drawer_for_cog"
    },
    {
      "offer": {
        "itemKey": "functionalstorage:compacting_drawer",
        "amount": 1,
        "priceModifier": 0
      },
      "request": {
        "itemKey": "numismatics:cog",
        "amount": 4,
        "priceModifier": 0
      },
      "tradeExp": 2,
      "maxUses": 64,
      "priceMultiplier": 0.0,
      "demand": 0,
      "tradeLevel": 1,
      "UTID": "minecraft:weaponsmith_compacting_drawer_for_cog"
    },
    {
      "offer": {
        "itemKey": "functionalstorage:configuration_tool",
        "amount": 1,
        "priceModifier": 0
      },
      "request": {
        "itemKey": "numismatics:sprocket",
        "amount": 1,
        "priceModifier": 0
      },
      "tradeExp": 2,
      "maxUses": 64,
      "priceMultiplier": 0.0,
      "demand": 0,
      "tradeLevel": 1,
      "UTID": "minecraft:weaponsmith_configuration_tool_for_sprocket"
    },
    {
      "offer": {
        "itemKey": "functionalstorage:linking_tool",
        "amount": 1,
        "priceModifier": 0
      },
      "request": {
        "itemKey": "numismatics:sprocket",
        "amount": 1,
        "priceModifier": 0
      },
      "tradeExp": 2,
      "maxUses": 64,
      "priceMultiplier": 0.0,
      "demand": 0,
      "tradeLevel": 1,
      "UTID": "minecraft:weaponsmith_linking_tool_for_sprocket"
    },
    {
      "offer": {
        "itemKey": "functionalstorage:copper_upgrade",
        "amount": 1,
        "priceModifier": 0
      },
      "request": {
        "itemKey": "numismatics:sun",
        "amount": 2,
        "priceModifier": 0
      },
      "tradeExp": 1,
      "maxUses": 64,
      "priceMultiplier": 0.0,
      "demand": 0,
      "tradeLevel": 1,
      "UTID": "minecraft:weaponsmith_copper_upgrade_for_sun"
    },
    {
      "offer": {
        "itemKey": "functionalstorage:gold_upgrade",
        "amount": 1,
        "priceModifier": 0
      },
      "request": {
        "itemKey": "numismatics:sun",
        "amount": 6,
        "priceModifier": 0
      },
      "tradeExp": 1,
      "maxUses": 64,
      "priceMultiplier": 0.0,
      "demand": 0,
      "tradeLevel": 1,
      "UTID": "minecraft:weaponsmith_gold_upgrade_for_sun"
    },
    {
      "offer": {
        "itemKey": "functionalstorage:diamond_upgrade",
        "amount": 1,
        "priceModifier": 0
      },
      "request": {
        "itemKey": "numismatics:sun",
        "amount": 10,
        "priceModifier": 0
      },
      "tradeExp": 1,
      "maxUses": 64,
      "priceMultiplier": 0.0,
      "demand": 0,
      "tradeLevel": 1,
      "UTID": "minecraft:weaponsmith_diamond_upgrade_for_sun"
    },
    {
      "offer": {
        "itemKey": "functionalstorage:netherite_upgrade",
        "amount": 1,
        "priceModifier": 0
      },
      "request": {
        "itemKey": "numismatics:sun",
        "amount": 14,
        "priceModifier": 0
      },
      "tradeExp": 1,
      "maxUses": 64,
      "priceMultiplier": 0.0,
      "demand": 0,
      "tradeLevel": 1,
      "UTID": "minecraft:weaponsmith_netherite_upgrade_for_sun"
    },
    {
      "offer": {
        "itemKey": "functionalstorage:void_upgrade",
        "amount": 1,
        "priceModifier": 0
      },
      "request": {
        "itemKey": "numismatics:cog",
        "amount": 3,
        "priceModifier": 0
      },
      "tradeExp": 1,
      "maxUses": 64,
      "priceMultiplier": 0.0,
      "demand": 0,
      "tradeLevel": 1,
      "UTID": "minecraft:weaponsmith_void_upgrade_for_cog"
    },
    {
      "offer": {
        "itemKey": "refinedstorage:controller",
        "amount": 1,
        "priceModifier": 0
      },
      "request": {
        "itemKey": "numismatics:sun",
        "amount": 4,
        "priceModifier": 0
      },
      "tradeExp": 1,
      "maxUses": 64,
      "priceMultiplier": 0.0,
      "demand": 0,
      "tradeLevel": 1,
      "UTID": "minecraft:weaponsmith_controller_for_sun"
    },
    {
      "offer": {
        "itemKey": "refinedstorage:4k_storage_block",
        "amount": 1,
        "priceModifier": 0
      },
      "request": {
        "itemKey": "numismatics:sun",
        "amount": 1,
        "priceModifier": 0
      },
      "tradeExp": 1,
      "maxUses": 64,
      "priceMultiplier": 0.0,
      "demand": 0,
      "tradeLevel": 1,
      "UTID": "minecraft:weaponsmith_4k_storage_block_for_sun"
    },
    {
      "offer": {
        "itemKey": "refinedstorage:64k_storage_block",
        "amount": 1,
        "priceModifier": 0
      },
      "request": {
        "itemKey": "numismatics:sun",
        "amount": 16,
        "priceModifier": 0
      },
      "tradeExp": 1,
      "maxUses": 64,
      "priceMultiplier": 0.0,
      "demand": 0,
      "tradeLevel": 1,
      "UTID": "minecraft:weaponsmith_64k_storage_block_for_sun"
    },
    {
      "offer": {
        "itemKey": "refinedstorage:cable",
        "amount": 1,
        "priceModifier": 0
      },
      "request": {
        "itemKey": "numismatics:cog",
        "amount": 1,
        "priceModifier": 0
      },
      "tradeExp": 1,
      "maxUses": 64,
      "priceMultiplier": 0.0,
      "demand": 0,
      "tradeLevel": 1,
      "UTID": "minecraft:weaponsmith_cable_for_cog"
    },
    {
      "offer": {
        "itemKey": "refinedstorage:external_storage",
        "amount": 1,
        "priceModifier": 0
      },
      "request": {
        "itemKey": "numismatics:sun",
        "amount": 4,
        "priceModifier": 0
      },
      "tradeExp": 1,
      "maxUses": 64,
      "priceMultiplier": 0.0,
      "demand": 0,
      "tradeLevel": 1,
      "UTID": "minecraft:weaponsmith_external_storage_for_sun"
    },
    {
      "offer": {
        "itemKey": "refinedstorage:crafting_grid",
        "amount": 1,
        "priceModifier": 0
      },
      "request": {
        "itemKey": "numismatics:sun",
        "amount": 4,
        "priceModifier": 0
      },
      "tradeExp": 1,
      "maxUses": 64,
      "priceMultiplier": 0.0,
      "demand": 0,
      "tradeLevel": 1,
      "UTID": "minecraft:weaponsmith_crafting_grid_for_sun"
    },
    {
      "offer": {
        "itemKey": "refinedstorageaddons:wireless_crafting_grid",
        "amount": 1,
        "priceModifier": 0
      },
      "request": {
        "itemKey": "numismatics:sun",
        "amount": 12,
        "priceModifier": 0
      },
      "tradeExp": 1,
      "maxUses": 64,
      "priceMultiplier": 0.0,
      "demand": 0,
      "tradeLevel": 1,
      "UTID": "minecraft:weaponsmith_wireless_crafting_grid_for_sun"
    },
    {
      "offer": {
        "itemKey": "refinedstorage:wireless_transmitter",
        "amount": 1,
        "priceModifier": 0
      },
      "request": {
        "itemKey": "numismatics:sun",
        "amount": 4,
        "priceModifier": 0
      },
      "tradeExp": 1,
      "maxUses": 64,
      "priceMultiplier": 0.0,
      "demand": 0,
      "tradeLevel": 1,
      "UTID": "minecraft:weaponsmith_wireless_transmitter_for_sun"
    },
    {
      "offer": {
        "itemKey": "sophisticatedstorage:basic_tier_upgrade",
        "amount": 1,
        "priceModifier": 0
      },
      "request": {
        "itemKey": "numismatics:spur",
        "amount": 4,
        "priceModifier": 0
      },
      "tradeExp": 1,
      "maxUses": 64,
      "priceMultiplier": 0.0,
      "demand": 0,
      "tradeLevel": 1,
      "UTID": "minecraft:weaponsmith_basic_tier_upgrade_for_cog"
    },
    {
      "offer": {
        "itemKey": "sophisticatedstorage:basic_to_copper_tier_upgrade",
        "amount": 1,
        "priceModifier": 0
      },
      "request": {
        "itemKey": "numismatics:cog",
        "amount": 4,
        "priceModifier": 0
      },
      "tradeExp": 1,
      "maxUses": 64,
      "priceMultiplier": 0.0,
      "demand": 0,
      "tradeLevel": 1,
      "UTID": "minecraft:weaponsmith_basic_to_copper_tier_upgrade_for_cog"
    },
    {
      "offer": {
        "itemKey": "sophisticatedstorage:copper_to_iron_tier_upgrade",
        "amount": 1,
        "priceModifier": 0
      },
      "request": {
        "itemKey": "numismatics:crown",
        "amount": 2,
        "priceModifier": 0
      },
      "tradeExp": 1,
      "maxUses": 64,
      "priceMultiplier": 0.0,
      "demand": 0,
      "tradeLevel": 1,
      "UTID": "minecraft:weaponsmith_copper_to_iron_tier_upgrade_for_crown"
    },
    {
      "offer": {
        "itemKey": "sophisticatedstorage:iron_to_gold_tier_upgrade",
        "amount": 1,
        "priceModifier": 0
      },
      "request": {
        "itemKey": "numismatics:crown",
        "amount": 4,
        "priceModifier": 0
      },
      "tradeExp": 1,
      "maxUses": 64,
      "priceMultiplier": 0.0,
      "demand": 0,
      "tradeLevel": 1,
      "UTID": "minecraft:weaponsmith_iron_to_gold_tier_upgrade_for_crown"
    },
    {
      "offer": {
        "itemKey": "sophisticatedstorage:gold_to_diamond_tier_upgrade",
        "amount": 1,
        "priceModifier": 0
      },
      "request": {
        "itemKey": "numismatics:sun",
        "amount": 2,
        "priceModifier": 0
      },
      "tradeExp": 1,
      "maxUses": 64,
      "priceMultiplier": 0.0,
      "demand": 0,
      "tradeLevel": 1,
      "UTID": "minecraft:weaponsmith_gold_to_diamond_tier_upgrade_for_sun"
    },
    {
      "offer": {
        "itemKey": "sophisticatedstorage:diamond_to_netherite_tier_upgrade",
        "amount": 1,
        "priceModifier": 0
      },
      "request": {
        "itemKey": "numismatics:sun",
        "amount": 4,
        "priceModifier": 0
      },
      "tradeExp": 1,
      "maxUses": 64,
      "priceMultiplier": 0.0,
      "demand": 0,
      "tradeLevel": 1,
      "UTID": "minecraft:weaponsmith_diamond_to_netherite_tier_upgrade_for_sun"
    },
    {
      "offer": {
        "itemKey": "sophisticatedstorage:upgrade_base",
        "amount": 1,
        "priceModifier": 0
      },
      "request": {
        "itemKey": "numismatics:crown",
        "amount": 1,
        "priceModifier": 0
      },
      "tradeExp": 1,
      "maxUses": 64,
      "priceMultiplier": 0.0,
      "demand": 0,
      "tradeLevel": 1,
      "UTID": "minecraft:weaponsmith_upgrade_base_for_crown"
    },
    {
      "offer": {
        "itemKey": "sophisticatedstorage:stack_upgrade_tier_1",
        "amount": 1,
        "priceModifier": 0
      },
      "request": {
        "itemKey": "numismatics:sun",
        "amount": 4,
        "priceModifier": 0
      },
      "tradeExp": 1,
      "maxUses": 64,
      "priceMultiplier": 0.0,
      "demand": 0,
      "tradeLevel": 1,
      "UTID": "minecraft:weaponsmith_stack_upgrade_tier_1_for_sun"
    },
    {
      "offer": {
        "itemKey": "sophisticatedstorage:stack_upgrade_tier_1_plus",
        "amount": 1,
        "priceModifier": 0
      },
      "request": {
        "itemKey": "numismatics:sun",
        "amount": 6,
        "priceModifier": 0
      },
      "tradeExp": 1,
      "maxUses": 64,
      "priceMultiplier": 0.0,
      "demand": 0,
      "tradeLevel": 1,
      "UTID": "minecraft:weaponsmith_stack_upgrade_tier_1_plus_for_sun"
    },
    {
      "offer": {
        "itemKey": "sophisticatedstorage:stack_upgrade_tier_2",
        "amount": 1,
        "priceModifier": 0
      },
      "request": {
        "itemKey": "numismatics:sun",
        "amount": 8,
        "priceModifier": 0
      },
      "tradeExp": 1,
      "maxUses": 64,
      "priceMultiplier": 0.0,
      "demand": 0,
      "tradeLevel": 1,
      "UTID": "minecraft:weaponsmith_stack_upgrade_tier_2_for_sun"
    },
    {
      "offer": {
        "itemKey": "sophisticatedstorage:stack_upgrade_tier_3",
        "amount": 1,
        "priceModifier": 0
      },
      "request": {
        "itemKey": "numismatics:sun",
        "amount": 16,
        "priceModifier": 0
      },
      "tradeExp": 1,
      "maxUses": 64,
      "priceMultiplier": 0.0,
      "demand": 0,
      "tradeLevel": 1,
      "UTID": "minecraft:weaponsmith_stack_upgrade_tier_3_for_sun"
    },
    {
      "offer": {
        "itemKey": "sophisticatedstorage:stack_upgrade_tier_4",
        "amount": 1,
        "priceModifier": 0
      },
      "request": {
        "itemKey": "numismatics:sun",
        "amount": 32,
        "priceModifier": 0
      },
      "tradeExp": 1,
      "maxUses": 64,
      "priceMultiplier": 0.0,
      "demand": 0,
      "tradeLevel": 1,
      "UTID": "minecraft:weaponsmith_stack_upgrade_tier_4_for_sun"
    },
    {
      "offer": {
        "itemKey": "sophisticatedstorage:stack_upgrade_tier_5",
        "amount": 1,
        "priceModifier": 0
      },
      "request": {
        "itemKey": "numismatics:sun",
        "amount": 64,
        "priceModifier": 0
      },
      "tradeExp": 1,
      "maxUses": 64,
      "priceMultiplier": 0.0,
      "demand": 0,
      "tradeLevel": 1,
      "UTID": "minecraft:weaponsmith_stack_upgrade_tier_5_for_sun"
    },
    {
      "offer": {
        "itemKey": "sophisticatedstorage:stack_upgrade_omega_tier",
        "amount": 1,
        "priceModifier": 0
      },
      "request": {
        "itemKey": "numismatics:ancient_coin",
        "amount": 4,
        "priceModifier": 0
      },
      "tradeExp": 1,
      "maxUses": 64,
      "priceMultiplier": 0.0,
      "demand": 0,
      "tradeLevel": 1,
      "UTID": "minecraft:weaponsmith_stack_upgrade_omega_tier_for_ancient_coin"
    },
    {
      "offer": {
        "itemKey": "sophisticatedstorage:packing_tape",
        "amount": 1,
        "priceModifier": 0
      },
      "request": {
        "itemKey": "numismatics:crown",
        "amount": 3,
        "priceModifier": 0
      },
      "tradeExp": 1,
      "maxUses": 64,
      "priceMultiplier": 0.0,
      "demand": 0,
      "tradeLevel": 1,
      "UTID": "minecraft:weaponsmith_packing_tape_for_crown"
    },
    {
      "offer": {
        "itemKey": "sophisticatedstorage:decoration_table",
        "amount": 1,
        "priceModifier": 0
      },
      "request": {
        "itemKey": "numismatics:sun",
        "amount": 1,
        "priceModifier": 0
      },
      "tradeExp": 1,
      "maxUses": 64,
      "priceMultiplier": 0.0,
      "demand": 0,
      "tradeLevel": 1,
      "UTID": "minecraft:weaponsmith_decoration_table_for_sun"
    },
    {
      "offer": {
        "itemKey": "sophisticatedstorage:paintbrush",
        "amount": 1,
        "priceModifier": 0
      },
      "request": {
        "itemKey": "numismatics:crown",
        "amount": 3,
        "priceModifier": 0
      },
      "tradeExp": 1,
      "maxUses": 64,
      "priceMultiplier": 0.0,
      "demand": 0,
      "tradeLevel": 1,
      "UTID": "minecraft:weaponsmith_paintbrush_for_crown"
    }
  ]
}
